,ID,target,condition,align,reuse,freq1
1,2400,arma,AM,0,1,0
2,2401,arma,AM,0,1,0
3,2402,arma,AM,0,1,0
4,2403,arma,AM,0,1,0
5,2405,arma,AM,0,0,0
6,2406,arma,AM,1,1,0
7,2407,arma,AM,0,1,0
8,2408,arma,AM,0,1,0
9,2409,arma,AM,1,0,0
10,2410,arma,AM,0,1,0
11,2411,arma,AM,1,0,0
12,2412,arma,AM,1,0,0
13,2413,arma,AM,1,1,0
14,2414,arma,AM,0,1,0
15,2419,arma,AM,0,0,0
16,2420,arma,AM,1,1,0
17,2421,arma,AM,1,0,0
18,2424,arma,AM,0,1,0
19,2426,arma,AM,0,1,0
20,2427,arma,AM,1,0,0
21,2428,arma,AM,0,1,0
22,2429,arma,AM,0,1,0
23,2430,arma,AM,0,1,0
24,2431,arma,AM,1,1,0
25,2432,arma,AM,1,1,0
26,2433,arma,AM,0,1,0
27,2434,arma,AM,0,1,0
28,2435,arma,AM,0,1,0
29,2436,arma,AM,0,1,0
30,2438,arma,AM,0,1,0
31,2440,arma,AM,1,0,0
32,2441,arma,AM,1,1,0
33,2442,arma,AM,1,1,0
34,2443,arma,AM,1,0,0
35,2444,arma,AM,0,1,0
36,2445,arma,AM,0,1,0
37,2447,arma,AM,0,1,0
38,2448,arma,AM,0,1,0
39,2400,banera,AM,1,1,19
40,2401,banera,AM,1,1,19
41,2402,banera,AM,0,1,19
42,2403,banera,AM,0,1,19
43,2405,banera,AM,1,1,19
44,2406,banera,AM,1,1,19
45,2407,banera,AM,1,1,19
46,2408,banera,AM,0,1,19
47,2409,banera,AM,1,1,19
48,2410,banera,AM,0,1,19
49,2411,banera,AM,1,1,19
50,2412,banera,AM,1,0,19
51,2414,banera,AM,1,1,19
52,2419,banera,AM,1,1,19
53,2420,banera,AM,1,1,19
54,2421,banera,AM,1,1,19
55,2424,banera,AM,1,1,19
56,2426,banera,AM,1,1,19
57,2427,banera,AM,1,1,19
58,2428,banera,AM,1,1,19
59,2429,banera,AM,1,1,19
60,2430,banera,AM,1,1,19
61,2431,banera,AM,1,1,19
62,2432,banera,AM,0,1,19
63,2433,banera,AM,0,1,19
64,2434,banera,AM,1,1,19
65,2435,banera,AM,1,1,19
66,2436,banera,AM,1,1,19
67,2438,banera,AM,0,0,19
68,2440,banera,AM,1,0,19
69,2441,banera,AM,1,0,19
70,2442,banera,AM,1,1,19
71,2443,banera,AM,1,0,19
72,2444,banera,AM,0,1,19
73,2445,banera,AM,1,0,19
74,2447,banera,AM,1,1,19
75,2448,banera,AM,0,0,19
76,2400,barriga,AM,1,1,0
77,2401,barriga,AM,0,1,0
78,2402,barriga,AM,0,1,0
79,2403,barriga,AM,0,1,0
80,2405,barriga,AM,0,1,0
81,2406,barriga,AM,1,1,0
82,2407,barriga,AM,1,1,0
83,2408,barriga,AM,0,1,0
84,2409,barriga,AM,1,1,0
85,2410,barriga,AM,1,0,0
86,2411,barriga,AM,1,0,0
87,2412,barriga,AM,1,0,0
88,2413,barriga,AM,1,1,0
89,2414,barriga,AM,0,0,0
90,2419,barriga,AM,1,1,0
91,2420,barriga,AM,0,1,0
92,2421,barriga,AM,0,1,0
93,2424,barriga,AM,0,1,0
94,2426,barriga,AM,1,1,0
95,2427,barriga,AM,1,1,0
96,2428,barriga,AM,1,0,0
97,2429,barriga,AM,1,1,0
98,2430,barriga,AM,1,0,0
99,2431,barriga,AM,1,1,0
100,2432,barriga,AM,1,1,0
101,2433,barriga,AM,0,1,0
102,2434,barriga,AM,0,1,0
103,2435,barriga,AM,0,1,0
104,2436,barriga,AM,1,0,0
105,2438,barriga,AM,0,0,0
106,2440,barriga,AM,1,0,0
107,2441,barriga,AM,0,1,0
108,2442,barriga,AM,1,1,0
109,2443,barriga,AM,1,1,0
110,2444,barriga,AM,1,1,0
111,2445,barriga,AM,1,0,0
112,2447,barriga,AM,1,0,0
113,2448,barriga,AM,0,1,0
114,2400,boligrafo,AM,1,0,4
115,2401,boligrafo,AM,0,1,4
116,2402,boligrafo,AM,0,1,4
117,2403,boligrafo,AM,0,1,4
118,2405,boligrafo,AM,0,1,4
119,2406,boligrafo,AM,1,1,4
120,2407,boligrafo,AM,1,0,4
121,2408,boligrafo,AM,0,1,4
122,2409,boligrafo,AM,1,0,4
123,2410,boligrafo,AM,1,0,4
124,2411,boligrafo,AM,1,0,4
125,2412,boligrafo,AM,1,0,4
126,2413,boligrafo,AM,1,1,4
127,2414,boligrafo,AM,1,1,4
128,2419,boligrafo,AM,1,1,4
129,2420,boligrafo,AM,0,1,4
130,2421,boligrafo,AM,0,1,4
131,2424,boligrafo,AM,1,1,4
132,2426,boligrafo,AM,0,1,4
133,2427,boligrafo,AM,1,0,4
134,2428,boligrafo,AM,0,1,4
135,2429,boligrafo,AM,1,1,4
136,2430,boligrafo,AM,0,0,4
137,2431,boligrafo,AM,1,1,4
138,2432,boligrafo,AM,0,1,4
139,2433,boligrafo,AM,0,1,4
140,2434,boligrafo,AM,0,1,4
141,2435,boligrafo,AM,0,1,4
142,2436,boligrafo,AM,0,1,4
143,2438,boligrafo,AM,0,1,4
144,2440,boligrafo,AM,1,0,4
145,2441,boligrafo,AM,1,1,4
146,2442,boligrafo,AM,1,1,4
147,2443,boligrafo,AM,1,1,4
148,2444,boligrafo,AM,1,1,4
149,2445,boligrafo,AM,1,0,4
150,2447,boligrafo,AM,1,0,4
151,2448,boligrafo,AM,0,1,4
152,2400,bombilla,AM,0,1,1
153,2401,bombilla,AM,0,1,1
154,2402,bombilla,AM,0,1,1
155,2403,bombilla,AM,0,1,1
156,2405,bombilla,AM,1,0,1
157,2406,bombilla,AM,1,1,1
158,2407,bombilla,AM,1,0,1
159,2408,bombilla,AM,0,1,1
160,2409,bombilla,AM,1,0,1
161,2410,bombilla,AM,1,0,1
162,2411,bombilla,AM,1,0,1
163,2412,bombilla,AM,1,0,1
164,2413,bombilla,AM,1,1,1
165,2414,bombilla,AM,0,1,1
166,2420,bombilla,AM,0,1,1
167,2421,bombilla,AM,1,0,1
168,2424,bombilla,AM,1,0,1
169,2427,bombilla,AM,0,1,1
170,2428,bombilla,AM,0,1,1
171,2429,bombilla,AM,1,0,1
172,2430,bombilla,AM,0,1,1
173,2431,bombilla,AM,1,1,1
174,2432,bombilla,AM,0,1,1
175,2433,bombilla,AM,0,1,1
176,2434,bombilla,AM,0,1,1
177,2435,bombilla,AM,0,1,1
178,2436,bombilla,AM,1,0,1
179,2438,bombilla,AM,0,1,1
180,2440,bombilla,AM,1,0,1
181,2441,bombilla,AM,1,0,1
182,2442,bombilla,AM,1,1,1
183,2443,bombilla,AM,0,1,1
184,2444,bombilla,AM,1,0,1
185,2445,bombilla,AM,0,1,1
186,2447,bombilla,AM,1,0,1
187,2448,bombilla,AM,0,1,1
188,2400,cigarrillo,AM,0,1,0
189,2401,cigarrillo,AM,1,1,0
190,2402,cigarrillo,AM,0,1,0
191,2403,cigarrillo,AM,0,1,0
192,2405,cigarrillo,AM,0,1,0
193,2406,cigarrillo,AM,1,1,0
194,2407,cigarrillo,AM,1,1,0
195,2408,cigarrillo,AM,0,1,0
196,2409,cigarrillo,AM,1,0,0
197,2410,cigarrillo,AM,1,0,0
198,2411,cigarrillo,AM,1,0,0
199,2412,cigarrillo,AM,1,0,0
200,2413,cigarrillo,AM,1,1,0
201,2414,cigarrillo,AM,0,1,0
202,2419,cigarrillo,AM,1,0,0
203,2420,cigarrillo,AM,0,1,0
204,2421,cigarrillo,AM,0,1,0
205,2424,cigarrillo,AM,1,0,0
206,2426,cigarrillo,AM,0,1,0
207,2427,cigarrillo,AM,1,0,0
208,2428,cigarrillo,AM,1,0,0
209,2429,cigarrillo,AM,1,0,0
210,2430,cigarrillo,AM,1,0,0
211,2431,cigarrillo,AM,1,1,0
212,2432,cigarrillo,AM,0,1,0
213,2433,cigarrillo,AM,0,1,0
214,2434,cigarrillo,AM,0,1,0
215,2435,cigarrillo,AM,0,1,0
216,2436,cigarrillo,AM,0,1,0
217,2438,cigarrillo,AM,0,1,0
218,2440,cigarrillo,AM,1,0,0
219,2441,cigarrillo,AM,1,1,0
220,2442,cigarrillo,AM,1,1,0
221,2443,cigarrillo,AM,1,0,0
222,2444,cigarrillo,AM,0,1,0
223,2445,cigarrillo,AM,1,0,0
224,2447,cigarrillo,AM,1,0,0
225,2448,cigarrillo,AM,0,1,0
226,2400,emparedado,AM,1,1,0
227,2401,emparedado,AM,0,1,0
228,2402,emparedado,AM,0,1,0
229,2403,emparedado,AM,1,0,0
230,2405,emparedado,AM,0,1,0
231,2406,emparedado,AM,1,1,0
232,2407,emparedado,AM,1,0,0
233,2408,emparedado,AM,0,1,0
234,2409,emparedado,AM,1,1,0
235,2410,emparedado,AM,0,1,0
236,2411,emparedado,AM,1,0,0
237,2412,emparedado,AM,1,0,0
238,2413,emparedado,AM,0,0,0
239,2414,emparedado,AM,0,0,0
240,2419,emparedado,AM,0,1,0
241,2420,emparedado,AM,0,1,0
242,2421,emparedado,AM,1,0,0
243,2424,emparedado,AM,1,0,0
244,2426,emparedado,AM,0,1,0
245,2427,emparedado,AM,0,1,0
246,2428,emparedado,AM,0,1,0
247,2429,emparedado,AM,1,1,0
248,2430,emparedado,AM,1,0,0
249,2431,emparedado,AM,1,0,0
250,2432,emparedado,AM,0,1,0
251,2433,emparedado,AM,0,1,0
252,2434,emparedado,AM,0,1,0
253,2435,emparedado,AM,0,1,0
254,2436,emparedado,AM,1,1,0
255,2438,emparedado,AM,0,1,0
256,2440,emparedado,AM,1,0,0
257,2441,emparedado,AM,1,1,0
258,2442,emparedado,AM,1,1,0
259,2443,emparedado,AM,1,0,0
260,2444,emparedado,AM,1,0,0
261,2445,emparedado,AM,1,0,0
262,2447,emparedado,AM,1,0,0
263,2448,emparedado,AM,0,1,0
264,2400,gafas,AM,1,0,0
265,2401,gafas,AM,0,1,0
266,2402,gafas,AM,1,1,0
267,2403,gafas,AM,0,1,0
268,2405,gafas,AM,0,1,0
269,2406,gafas,AM,1,0,0
270,2407,gafas,AM,0,1,0
271,2408,gafas,AM,0,1,0
272,2409,gafas,AM,1,0,0
273,2410,gafas,AM,0,1,0
274,2411,gafas,AM,1,0,0
275,2412,gafas,AM,1,0,0
276,2413,gafas,AM,1,1,0
277,2414,gafas,AM,0,1,0
278,2419,gafas,AM,0,1,0
279,2420,gafas,AM,0,1,0
280,2421,gafas,AM,0,1,0
281,2424,gafas,AM,0,1,0
282,2426,gafas,AM,0,0,0
283,2427,gafas,AM,0,1,0
284,2428,gafas,AM,0,1,0
285,2429,gafas,AM,1,0,0
286,2430,gafas,AM,1,0,0
287,2431,gafas,AM,1,1,0
288,2432,gafas,AM,0,1,0
289,2433,gafas,AM,0,1,0
290,2434,gafas,AM,0,1,0
291,2435,gafas,AM,0,1,0
292,2436,gafas,AM,0,0,0
293,2438,gafas,AM,0,0,0
294,2440,gafas,AM,1,0,0
295,2441,gafas,AM,1,0,0
296,2442,gafas,AM,1,0,0
297,2443,gafas,AM,1,0,0
298,2444,gafas,AM,0,1,0
299,2445,gafas,AM,0,1,0
300,2447,gafas,AM,0,0,0
301,2448,gafas,AM,0,1,0
302,2400,liebre,AM,0,0,0
303,2401,liebre,AM,0,1,0
304,2402,liebre,AM,0,1,0
305,2403,liebre,AM,0,1,0
306,2405,liebre,AM,1,1,0
307,2406,liebre,AM,1,1,0
308,2407,liebre,AM,1,0,0
309,2408,liebre,AM,0,1,0
310,2409,liebre,AM,1,1,0
311,2410,liebre,AM,0,1,0
312,2411,liebre,AM,1,0,0
313,2412,liebre,AM,1,0,0
314,2413,liebre,AM,1,1,0
315,2414,liebre,AM,0,1,0
316,2419,liebre,AM,0,1,0
317,2420,liebre,AM,0,1,0
318,2421,liebre,AM,0,1,0
319,2424,liebre,AM,0,1,0
320,2426,liebre,AM,0,1,0
321,2427,liebre,AM,1,0,0
322,2428,liebre,AM,0,1,0
323,2429,liebre,AM,1,0,0
324,2430,liebre,AM,1,1,0
325,2431,liebre,AM,1,1,0
326,2432,liebre,AM,1,1,0
327,2433,liebre,AM,0,1,0
328,2434,liebre,AM,0,1,0
329,2435,liebre,AM,0,1,0
330,2436,liebre,AM,1,0,0
331,2438,liebre,AM,0,1,0
332,2440,liebre,AM,1,1,0
333,2441,liebre,AM,1,1,0
334,2442,liebre,AM,1,1,0
335,2443,liebre,AM,0,1,0
336,2444,liebre,AM,0,1,0
337,2445,liebre,AM,1,0,0
338,2447,liebre,AM,1,0,0
339,2448,liebre,AM,0,1,0
340,2400,mani,AM,1,1,0
341,2401,mani,AM,0,1,0
342,2402,mani,AM,0,1,0
343,2405,mani,AM,1,0,0
344,2406,mani,AM,1,1,0
345,2407,mani,AM,1,1,0
346,2408,mani,AM,0,1,0
347,2409,mani,AM,1,0,0
348,2410,mani,AM,0,1,0
349,2411,mani,AM,1,0,0
350,2412,mani,AM,1,0,0
351,2413,mani,AM,1,1,0
352,2414,mani,AM,0,1,0
353,2419,mani,AM,0,0,0
354,2420,mani,AM,0,1,0
355,2421,mani,AM,1,0,0
356,2424,mani,AM,1,1,0
357,2426,mani,AM,0,1,0
358,2427,mani,AM,0,1,0
359,2428,mani,AM,0,1,0
360,2429,mani,AM,1,0,0
361,2430,mani,AM,1,0,0
362,2431,mani,AM,1,0,0
363,2432,mani,AM,1,1,0
364,2433,mani,AM,0,1,0
365,2434,mani,AM,0,1,0
366,2435,mani,AM,1,1,0
367,2436,mani,AM,0,1,0
368,2438,mani,AM,0,1,0
369,2440,mani,AM,1,0,0
370,2441,mani,AM,1,1,0
371,2442,mani,AM,1,1,0
372,2443,mani,AM,1,1,0
373,2444,mani,AM,0,1,0
374,2445,mani,AM,0,1,0
375,2447,mani,AM,1,0,0
376,2448,mani,AM,0,1,0
377,2400,medico,AM,0,1,15
378,2401,medico,AM,0,1,15
379,2402,medico,AM,1,1,15
380,2403,medico,AM,1,1,15
381,2405,medico,AM,0,0,15
382,2406,medico,AM,1,1,15
383,2407,medico,AM,1,1,15
384,2408,medico,AM,0,1,15
385,2409,medico,AM,1,1,15
386,2410,medico,AM,0,1,15
387,2411,medico,AM,1,0,15
388,2412,medico,AM,1,0,15
389,2413,medico,AM,1,1,15
390,2414,medico,AM,1,1,15
391,2419,medico,AM,1,1,15
392,2420,medico,AM,0,1,15
393,2421,medico,AM,0,1,15
394,2424,medico,AM,0,1,15
395,2426,medico,AM,1,1,15
396,2427,medico,AM,1,1,15
397,2428,medico,AM,0,0,15
398,2429,medico,AM,1,1,15
399,2430,medico,AM,1,1,15
400,2431,medico,AM,1,0,15
401,2432,medico,AM,1,1,15
402,2433,medico,AM,0,1,15
403,2434,medico,AM,0,1,15
404,2435,medico,AM,0,1,15
405,2436,medico,AM,1,1,15
406,2438,medico,AM,1,0,15
407,2440,medico,AM,1,0,15
408,2441,medico,AM,0,1,15
409,2442,medico,AM,1,1,15
410,2443,medico,AM,1,1,15
411,2444,medico,AM,0,1,15
412,2445,medico,AM,1,1,15
413,2447,medico,AM,0,1,15
414,2448,medico,AM,0,0,15
415,2400,melocoton,AM,1,0,0
416,2401,melocoton,AM,0,1,0
417,2402,melocoton,AM,0,1,0
418,2403,melocoton,AM,1,0,0
419,2405,melocoton,AM,1,0,0
420,2406,melocoton,AM,1,1,0
421,2407,melocoton,AM,1,0,0
422,2408,melocoton,AM,0,1,0
423,2409,melocoton,AM,1,1,0
424,2410,melocoton,AM,1,0,0
425,2411,melocoton,AM,1,0,0
426,2412,melocoton,AM,1,0,0
427,2413,melocoton,AM,1,1,0
428,2414,melocoton,AM,1,0,0
429,2419,melocoton,AM,0,0,0
430,2420,melocoton,AM,0,1,0
431,2421,melocoton,AM,1,0,0
432,2424,melocoton,AM,0,1,0
433,2427,melocoton,AM,1,0,0
434,2428,melocoton,AM,0,1,0
435,2429,melocoton,AM,1,0,0
436,2430,melocoton,AM,0,1,0
437,2431,melocoton,AM,1,1,0
438,2432,melocoton,AM,0,1,0
439,2433,melocoton,AM,0,1,0
440,2434,melocoton,AM,0,1,0
441,2435,melocoton,AM,0,1,0
442,2436,melocoton,AM,1,0,0
443,2438,melocoton,AM,0,1,0
444,2440,melocoton,AM,1,0,0
445,2441,melocoton,AM,1,0,0
446,2442,melocoton,AM,1,1,0
447,2443,melocoton,AM,1,0,0
448,2444,melocoton,AM,1,0,0
449,2445,melocoton,AM,0,1,0
450,2447,melocoton,AM,1,0,0
451,2448,melocoton,AM,0,1,0
452,2400,motocicleta,AM,1,1,20
453,2401,motocicleta,AM,0,1,20
454,2402,motocicleta,AM,1,1,20
455,2403,motocicleta,AM,0,1,20
456,2405,motocicleta,AM,0,1,20
457,2406,motocicleta,AM,1,1,20
458,2407,motocicleta,AM,1,1,20
459,2408,motocicleta,AM,0,0,20
460,2409,motocicleta,AM,1,1,20
461,2410,motocicleta,AM,0,1,20
462,2411,motocicleta,AM,1,1,20
463,2412,motocicleta,AM,0,1,20
464,2413,motocicleta,AM,1,1,20
465,2414,motocicleta,AM,0,1,20
466,2419,motocicleta,AM,1,1,20
467,2420,motocicleta,AM,1,1,20
468,2421,motocicleta,AM,1,1,20
469,2424,motocicleta,AM,1,1,20
470,2426,motocicleta,AM,1,1,20
471,2427,motocicleta,AM,1,1,20
472,2428,motocicleta,AM,0,1,20
473,2429,motocicleta,AM,1,1,20
474,2430,motocicleta,AM,1,1,20
475,2431,motocicleta,AM,1,1,20
476,2432,motocicleta,AM,1,1,20
477,2433,motocicleta,AM,0,1,20
478,2434,motocicleta,AM,0,1,20
479,2435,motocicleta,AM,0,1,20
480,2436,motocicleta,AM,1,1,20
481,2438,motocicleta,AM,0,1,20
482,2440,motocicleta,AM,1,1,20
483,2441,motocicleta,AM,0,0,20
484,2442,motocicleta,AM,1,1,20
485,2443,motocicleta,AM,0,1,20
486,2444,motocicleta,AM,1,1,20
487,2445,motocicleta,AM,1,1,20
488,2447,motocicleta,AM,0,1,20
489,2448,motocicleta,AM,0,1,20
490,2400,movil,AM,1,1,0
491,2401,movil,AM,0,1,0
492,2402,movil,AM,0,1,0
493,2403,movil,AM,0,1,0
494,2405,movil,AM,0,0,0
495,2406,movil,AM,1,1,0
496,2407,movil,AM,0,1,0
497,2408,movil,AM,0,1,0
498,2409,movil,AM,1,0,0
499,2410,movil,AM,1,0,0
500,2411,movil,AM,1,0,0
501,2412,movil,AM,1,0,0
502,2413,movil,AM,0,1,0
503,2414,movil,AM,0,1,0
504,2419,movil,AM,0,1,0
505,2420,movil,AM,0,1,0
506,2421,movil,AM,0,1,0
507,2424,movil,AM,1,0,0
508,2426,movil,AM,0,1,0
509,2427,movil,AM,1,0,0
510,2428,movil,AM,0,1,0
511,2429,movil,AM,0,1,0
512,2430,movil,AM,1,0,0
513,2431,movil,AM,1,1,0
514,2432,movil,AM,0,1,0
515,2433,movil,AM,0,1,0
516,2434,movil,AM,0,1,0
517,2435,movil,AM,0,1,0
518,2436,movil,AM,0,1,0
519,2438,movil,AM,0,0,0
520,2440,movil,AM,1,0,0
521,2441,movil,AM,0,1,0
522,2442,movil,AM,1,1,0
523,2443,movil,AM,1,0,0
524,2444,movil,AM,0,1,0
525,2445,movil,AM,0,0,0
526,2447,movil,AM,1,0,0
527,2448,movil,AM,0,1,0
528,2400,patata,AM,1,0,0
529,2401,patata,AM,0,1,0
530,2402,patata,AM,0,1,0
531,2403,patata,AM,0,1,0
532,2405,patata,AM,0,1,0
533,2406,patata,AM,1,1,0
534,2407,patata,AM,1,0,0
535,2408,patata,AM,0,1,0
536,2409,patata,AM,1,0,0
537,2410,patata,AM,1,0,0
538,2411,patata,AM,1,0,0
539,2412,patata,AM,1,0,0
540,2413,patata,AM,1,1,0
541,2414,patata,AM,0,1,0
542,2419,patata,AM,0,1,0
543,2420,patata,AM,0,1,0
544,2421,patata,AM,1,1,0
545,2424,patata,AM,0,1,0
546,2426,patata,AM,0,1,0
547,2427,patata,AM,1,0,0
548,2428,patata,AM,0,1,0
549,2429,patata,AM,1,0,0
550,2430,patata,AM,0,1,0
551,2431,patata,AM,1,0,0
552,2432,patata,AM,0,1,0
553,2433,patata,AM,0,1,0
554,2434,patata,AM,0,1,0
555,2435,patata,AM,0,1,0
556,2436,patata,AM,1,0,0
557,2438,patata,AM,0,1,0
558,2440,patata,AM,1,0,0
559,2441,patata,AM,1,1,0
560,2442,patata,AM,1,1,0
561,2443,patata,AM,0,1,0
562,2444,patata,AM,0,1,0
563,2445,patata,AM,0,1,0
564,2447,patata,AM,1,0,0
565,2448,patata,AM,0,1,0
566,2400,pelota,AM,1,1,19
567,2401,pelota,AM,0,1,19
568,2402,pelota,AM,1,1,19
569,2403,pelota,AM,0,1,19
570,2405,pelota,AM,0,1,19
571,2406,pelota,AM,1,1,19
572,2407,pelota,AM,0,1,19
573,2408,pelota,AM,0,1,19
574,2409,pelota,AM,1,0,19
575,2410,pelota,AM,0,1,19
576,2411,pelota,AM,1,0,19
577,2412,pelota,AM,1,0,19
578,2413,pelota,AM,0,1,19
579,2414,pelota,AM,1,1,19
580,2419,pelota,AM,0,1,19
581,2420,pelota,AM,0,0,19
582,2421,pelota,AM,0,1,19
583,2424,pelota,AM,0,1,19
584,2426,pelota,AM,1,1,19
585,2427,pelota,AM,1,0,19
586,2428,pelota,AM,0,1,19
587,2429,pelota,AM,1,0,19
588,2430,pelota,AM,0,1,19
589,2431,pelota,AM,0,1,19
590,2432,pelota,AM,0,0,19
591,2433,pelota,AM,1,1,19
592,2434,pelota,AM,1,1,19
593,2435,pelota,AM,0,1,19
594,2436,pelota,AM,1,1,19
595,2438,pelota,AM,0,1,19
596,2440,pelota,AM,1,0,19
597,2441,pelota,AM,0,1,19
598,2442,pelota,AM,1,1,19
599,2443,pelota,AM,0,1,19
600,2444,pelota,AM,1,1,19
601,2445,pelota,AM,1,0,19
602,2447,pelota,AM,1,0,19
603,2448,pelota,AM,1,0,19
604,2400,roedor,AM,1,0,0
605,2401,roedor,AM,0,1,0
606,2402,roedor,AM,0,1,0
607,2403,roedor,AM,0,1,0
608,2405,roedor,AM,0,1,0
609,2406,roedor,AM,1,1,0
610,2407,roedor,AM,0,1,0
611,2408,roedor,AM,0,0,0
612,2409,roedor,AM,1,0,0
613,2410,roedor,AM,0,1,0
614,2411,roedor,AM,1,0,0
615,2412,roedor,AM,1,0,0
616,2413,roedor,AM,1,1,0
617,2414,roedor,AM,0,1,0
618,2419,roedor,AM,0,0,0
619,2420,roedor,AM,0,0,0
620,2421,roedor,AM,0,1,0
621,2424,roedor,AM,0,1,0
622,2426,roedor,AM,0,1,0
623,2427,roedor,AM,1,0,0
624,2428,roedor,AM,0,0,0
625,2429,roedor,AM,1,0,0
626,2430,roedor,AM,0,1,0
627,2431,roedor,AM,0,1,0
628,2432,roedor,AM,0,1,0
629,2433,roedor,AM,0,1,0
630,2434,roedor,AM,0,1,0
631,2435,roedor,AM,0,1,0
632,2436,roedor,AM,0,1,0
633,2438,roedor,AM,0,1,0
634,2440,roedor,AM,1,0,0
635,2441,roedor,AM,1,1,0
636,2442,roedor,AM,1,1,0
637,2443,roedor,AM,1,0,0
638,2444,roedor,AM,0,1,0
639,2445,roedor,AM,0,1,0
640,2447,roedor,AM,0,1,0
641,2448,roedor,AM,0,1,0
642,2400,sapo,AM,1,1,10
643,2401,sapo,AM,1,1,10
644,2402,sapo,AM,0,1,10
645,2403,sapo,AM,1,1,10
646,2405,sapo,AM,1,1,10
647,2406,sapo,AM,1,1,10
648,2407,sapo,AM,1,1,10
649,2408,sapo,AM,1,1,10
650,2409,sapo,AM,1,1,10
651,2410,sapo,AM,1,1,10
652,2411,sapo,AM,1,1,10
653,2412,sapo,AM,1,1,10
654,2413,sapo,AM,1,1,10
655,2414,sapo,AM,1,0,10
656,2419,sapo,AM,0,0,10
657,2420,sapo,AM,1,1,10
658,2421,sapo,AM,1,1,10
659,2424,sapo,AM,1,0,10
660,2426,sapo,AM,1,1,10
661,2427,sapo,AM,0,1,10
662,2428,sapo,AM,0,1,10
663,2429,sapo,AM,1,1,10
664,2430,sapo,AM,1,1,10
665,2431,sapo,AM,1,1,10
666,2432,sapo,AM,1,0,10
667,2433,sapo,AM,1,1,10
668,2434,sapo,AM,1,1,10
669,2435,sapo,AM,0,1,10
670,2436,sapo,AM,1,1,10
671,2438,sapo,AM,1,1,10
672,2440,sapo,AM,1,1,10
673,2441,sapo,AM,1,1,10
674,2442,sapo,AM,1,1,10
675,2443,sapo,AM,0,1,10
676,2444,sapo,AM,1,1,10
677,2445,sapo,AM,0,1,10
678,2447,sapo,AM,1,1,10
679,2448,sapo,AM,1,1,10
680,2400,sudadera,AM,1,0,0
681,2401,sudadera,AM,1,1,0
682,2402,sudadera,AM,0,1,0
683,2403,sudadera,AM,1,1,0
684,2405,sudadera,AM,0,1,0
685,2406,sudadera,AM,1,1,0
686,2407,sudadera,AM,0,1,0
687,2408,sudadera,AM,0,1,0
688,2409,sudadera,AM,1,1,0
689,2410,sudadera,AM,0,1,0
690,2411,sudadera,AM,1,1,0
691,2412,sudadera,AM,1,1,0
692,2413,sudadera,AM,1,1,0
693,2414,sudadera,AM,0,1,0
694,2419,sudadera,AM,0,1,0
695,2420,sudadera,AM,1,1,0
696,2421,sudadera,AM,1,1,0
697,2424,sudadera,AM,0,1,0
698,2426,sudadera,AM,1,0,0
699,2427,sudadera,AM,1,1,0
700,2428,sudadera,AM,0,1,0
701,2429,sudadera,AM,1,1,0
702,2430,sudadera,AM,1,1,0
703,2431,sudadera,AM,1,0,0
704,2432,sudadera,AM,0,1,0
705,2433,sudadera,AM,1,1,0
706,2434,sudadera,AM,1,1,0
707,2435,sudadera,AM,0,1,0
708,2436,sudadera,AM,1,1,0
709,2438,sudadera,AM,0,1,0
710,2440,sudadera,AM,1,0,0
711,2441,sudadera,AM,1,0,0
712,2442,sudadera,AM,1,1,0
713,2443,sudadera,AM,1,1,0
714,2444,sudadera,AM,0,1,0
715,2445,sudadera,AM,1,0,0
716,2447,sudadera,AM,1,0,0
717,2448,sudadera,AM,0,1,0
718,2400,templo,AM,1,0,0
719,2401,templo,AM,0,1,0
720,2402,templo,AM,0,1,0
721,2403,templo,AM,1,1,0
722,2405,templo,AM,1,1,0
723,2406,templo,AM,1,1,0
724,2407,templo,AM,0,1,0
725,2408,templo,AM,0,1,0
726,2409,templo,AM,1,1,0
727,2410,templo,AM,0,1,0
728,2411,templo,AM,1,1,0
729,2412,templo,AM,1,0,0
730,2413,templo,AM,1,1,0
731,2414,templo,AM,0,0,0
732,2419,templo,AM,0,1,0
733,2420,templo,AM,0,1,0
734,2421,templo,AM,0,1,0
735,2424,templo,AM,0,1,0
736,2426,templo,AM,0,1,0
737,2427,templo,AM,1,0,0
738,2428,templo,AM,0,1,0
739,2429,templo,AM,0,1,0
740,2430,templo,AM,1,1,0
741,2431,templo,AM,1,0,0
742,2432,templo,AM,0,1,0
743,2433,templo,AM,0,1,0
744,2434,templo,AM,0,1,0
745,2435,templo,AM,0,1,0
746,2436,templo,AM,0,1,0
747,2438,templo,AM,0,1,0
748,2440,templo,AM,1,0,0
749,2441,templo,AM,1,1,0
750,2442,templo,AM,1,1,0
751,2443,templo,AM,0,0,0
752,2444,templo,AM,1,1,0
753,2445,templo,AM,1,0,0
754,2447,templo,AM,0,1,0
755,2448,templo,AM,0,1,0
756,149,arma,SM,0,1,0
757,149,banera,SM,0,1,19
758,149,barriga,SM,0,1,0
759,149,boligrafo,SM,0,1,4
760,149,bombilla,SM,0,1,1
761,149,cigarrillo,SM,0,1,0
762,149,emparedado,SM,0,1,0
763,149,gafas,SM,0,1,0
764,149,liebre,SM,1,1,0
765,149,mani,SM,0,1,0
766,149,medico,SM,0,1,15
767,149,melocoton,SM,0,1,0
768,149,motocicleta,SM,1,1,20
769,149,movil,SM,0,1,0
770,149,patata,SM,0,1,0
771,149,pelota,SM,0,1,19
772,149,roedor,SM,0,1,0
773,149,sapo,SM,0,1,10
774,149,sudadera,SM,0,1,0
775,149,templo,SM,0,1,0
776,150,arma,SM,1,0,0
777,150,banera,SM,0,0,19
778,150,barriga,SM,0,1,0
779,150,boligrafo,SM,0,1,4
780,150,bombilla,SM,0,0,1
781,150,cigarrillo,SM,0,1,0
782,150,emparedado,SM,0,0,0
783,150,gafas,SM,1,0,0
784,150,liebre,SM,0,0,0
785,150,mani,SM,0,0,0
786,150,medico,SM,0,1,15
787,150,melocoton,SM,0,0,0
788,150,motocicleta,SM,0,1,20
789,150,movil,SM,1,0,0
790,150,patata,SM,1,1,0
791,150,pelota,SM,0,1,19
792,150,roedor,SM,1,0,0
793,150,sapo,SM,1,1,10
794,150,sudadera,SM,0,1,0
795,150,templo,SM,0,1,0
796,151,arma,SM,0,1,0
797,151,banera,SM,0,1,19
798,151,barriga,SM,0,0,0
799,151,boligrafo,SM,0,1,4
800,151,bombilla,SM,0,1,1
801,151,cigarrillo,SM,1,0,0
802,151,emparedado,SM,0,1,0
803,151,gafas,SM,0,1,0
804,151,liebre,SM,0,1,0
805,151,mani,SM,0,0,0
806,151,medico,SM,0,1,15
807,151,melocoton,SM,0,0,0
808,151,motocicleta,SM,0,1,20
809,151,movil,SM,0,1,0
810,151,patata,SM,0,1,0
811,151,pelota,SM,0,1,19
812,151,roedor,SM,0,1,0
813,151,sapo,SM,1,1,10
814,151,sudadera,SM,0,1,0
815,151,templo,SM,1,1,0
816,152,arma,SM,0,1,0
817,152,banera,SM,1,1,19
818,152,barriga,SM,1,1,0
819,152,boligrafo,SM,1,0,4
820,152,bombilla,SM,1,0,1
821,152,cigarrillo,SM,1,0,0
822,152,emparedado,SM,1,0,0
823,152,gafas,SM,1,0,0
824,152,liebre,SM,1,0,0
825,152,mani,SM,1,0,0
826,152,medico,SM,1,0,15
827,152,melocoton,SM,1,0,0
828,152,motocicleta,SM,1,1,20
829,152,movil,SM,1,0,0
830,152,patata,SM,1,0,0
831,152,pelota,SM,1,0,19
832,152,roedor,SM,1,0,0
833,152,sapo,SM,1,1,10
834,152,sudadera,SM,1,1,0
835,152,templo,SM,1,0,0
836,153,arma,SM,0,1,0
837,153,banera,SM,0,1,19
838,153,barriga,SM,0,1,0
839,153,boligrafo,SM,0,1,4
840,153,bombilla,SM,0,1,1
841,153,cigarrillo,SM,0,1,0
842,153,emparedado,SM,0,1,0
843,153,gafas,SM,0,1,0
844,153,liebre,SM,1,1,0
845,153,mani,SM,0,1,0
846,153,medico,SM,0,1,15
847,153,melocoton,SM,0,1,0
848,153,motocicleta,SM,0,1,20
849,153,movil,SM,0,0,0
850,153,patata,SM,0,1,0
851,153,pelota,SM,0,1,19
852,153,roedor,SM,0,0,0
853,153,sapo,SM,0,1,10
854,153,sudadera,SM,0,1,0
855,153,templo,SM,0,1,0
856,154,arma,SM,1,1,0
857,154,banera,SM,1,0,19
858,154,barriga,SM,1,1,0
859,154,boligrafo,SM,1,1,4
860,154,bombilla,SM,0,1,1
861,154,cigarrillo,SM,1,1,0
862,154,emparedado,SM,1,1,0
863,154,gafas,SM,1,1,0
864,154,liebre,SM,1,1,0
865,154,mani,SM,1,1,0
866,154,medico,SM,1,1,15
867,154,melocoton,SM,1,1,0
868,154,motocicleta,SM,1,1,20
869,154,movil,SM,1,1,0
870,154,patata,SM,1,1,0
871,154,pelota,SM,1,1,19
872,154,roedor,SM,1,1,0
873,154,sapo,SM,1,1,10
874,154,sudadera,SM,1,1,0
875,154,templo,SM,1,1,0
876,155,arma,SM,0,1,0
877,155,banera,SM,1,1,19
878,155,barriga,SM,0,0,0
879,155,boligrafo,SM,1,1,4
880,155,bombilla,SM,1,1,1
881,155,cigarrillo,SM,1,0,0
882,155,emparedado,SM,1,0,0
883,155,gafas,SM,0,1,0
884,155,liebre,SM,1,1,0
885,155,mani,SM,1,1,0
886,155,medico,SM,0,1,15
887,155,melocoton,SM,1,1,0
888,155,motocicleta,SM,1,1,20
889,155,movil,SM,1,1,0
890,155,patata,SM,1,1,0
891,155,pelota,SM,1,1,19
892,155,roedor,SM,1,1,0
893,155,sapo,SM,0,1,10
894,155,sudadera,SM,0,0,0
895,155,templo,SM,1,1,0
896,156,arma,SM,0,1,0
897,156,banera,SM,1,1,19
898,156,barriga,SM,1,0,0
899,156,boligrafo,SM,0,1,4
900,156,bombilla,SM,0,1,1
901,156,cigarrillo,SM,0,1,0
902,156,emparedado,SM,0,1,0
903,156,gafas,SM,0,1,0
904,156,liebre,SM,1,1,0
905,156,mani,SM,0,1,0
906,156,medico,SM,0,1,15
907,156,melocoton,SM,0,1,0
908,156,motocicleta,SM,1,1,20
909,156,movil,SM,0,1,0
910,156,patata,SM,0,1,0
911,156,pelota,SM,1,1,19
912,156,roedor,SM,0,1,0
913,156,sapo,SM,1,1,10
914,156,sudadera,SM,0,1,0
915,156,templo,SM,0,1,0
916,157,arma,SM,0,1,0
917,157,banera,SM,1,1,19
918,157,barriga,SM,1,0,0
919,157,boligrafo,SM,0,1,4
920,157,bombilla,SM,0,0,1
921,157,cigarrillo,SM,0,1,0
922,157,emparedado,SM,1,0,0
923,157,gafas,SM,0,1,0
924,157,liebre,SM,0,0,0
925,157,mani,SM,0,0,0
926,157,medico,SM,1,1,15
927,157,melocoton,SM,1,0,0
928,157,motocicleta,SM,1,1,20
929,157,movil,SM,1,0,0
930,157,patata,SM,0,1,0
931,157,pelota,SM,1,1,19
932,157,roedor,SM,0,1,0
933,157,sapo,SM,1,1,10
934,157,sudadera,SM,0,1,0
935,157,templo,SM,0,1,0
936,158,arma,SM,0,1,0
937,158,banera,SM,1,1,19
938,158,barriga,SM,1,1,0
939,158,boligrafo,SM,0,1,4
940,158,bombilla,SM,1,0,1
941,158,cigarrillo,SM,0,1,0
942,158,emparedado,SM,0,1,0
943,158,gafas,SM,1,0,0
944,158,liebre,SM,1,0,0
945,158,mani,SM,1,0,0
946,158,medico,SM,1,1,15
947,158,melocoton,SM,1,0,0
948,158,motocicleta,SM,0,1,20
949,158,movil,SM,0,1,0
950,158,patata,SM,1,0,0
951,158,pelota,SM,0,1,19
952,158,roedor,SM,0,1,0
953,158,sapo,SM,1,1,10
954,158,sudadera,SM,1,0,0
955,158,templo,SM,1,1,0
956,159,arma,SM,0,0,0
957,159,banera,SM,1,0,19
958,159,barriga,SM,0,0,0
959,159,boligrafo,SM,0,1,4
960,159,bombilla,SM,0,1,1
961,159,cigarrillo,SM,0,1,0
962,159,emparedado,SM,0,0,0
963,159,gafas,SM,0,0,0
964,159,liebre,SM,0,1,0
965,159,mani,SM,0,0,0
966,159,medico,SM,0,1,15
967,159,melocoton,SM,0,1,0
968,159,motocicleta,SM,0,1,20
969,159,movil,SM,0,1,0
970,159,patata,SM,0,1,0
971,159,pelota,SM,0,1,19
972,159,roedor,SM,0,1,0
973,159,sapo,SM,1,0,10
974,159,sudadera,SM,0,0,0
975,159,templo,SM,0,0,0
976,160,arma,SM,1,0,0
977,160,banera,SM,1,1,19
978,160,barriga,SM,1,1,0
979,160,boligrafo,SM,1,1,4
980,160,bombilla,SM,1,0,1
982,160,emparedado,SM,1,1,0
983,160,gafas,SM,1,1,0
984,160,liebre,SM,1,1,0
985,160,mani,SM,1,1,0
986,160,medico,SM,1,1,15
987,160,melocoton,SM,1,0,0
988,160,motocicleta,SM,1,1,20
989,160,movil,SM,1,1,0
990,160,patata,SM,0,1,0
991,160,pelota,SM,1,0,19
992,160,roedor,SM,1,0,0
993,160,sapo,SM,1,1,10
994,160,sudadera,SM,1,1,0
995,160,templo,SM,1,1,0
996,161,arma,SM,0,1,0
997,161,banera,SM,1,1,19
998,161,barriga,SM,1,0,0
999,161,boligrafo,SM,1,1,4
1000,161,bombilla,SM,1,1,1
1001,161,cigarrillo,SM,0,1,0
1002,161,emparedado,SM,1,1,0
1003,161,gafas,SM,0,1,0
1004,161,liebre,SM,1,1,0
1005,161,mani,SM,1,1,0
1006,161,medico,SM,1,1,15
1007,161,melocoton,SM,1,1,0
1008,161,motocicleta,SM,1,1,20
1009,161,movil,SM,1,1,0
1010,161,patata,SM,1,1,0
1011,161,pelota,SM,0,1,19
1012,161,roedor,SM,1,1,0
1013,161,sapo,SM,1,1,10
1014,161,sudadera,SM,1,1,0
1015,161,templo,SM,1,1,0
1016,162,arma,SM,1,1,0
1017,162,banera,SM,1,1,19
1018,162,barriga,SM,0,1,0
1019,162,boligrafo,SM,1,1,4
1020,162,bombilla,SM,1,0,1
1021,162,cigarrillo,SM,0,1,0
1022,162,emparedado,SM,1,0,0
1023,162,gafas,SM,1,0,0
1024,162,liebre,SM,1,0,0
1025,162,mani,SM,1,0,0
1026,162,medico,SM,1,1,15
1027,162,melocoton,SM,1,0,0
1028,162,motocicleta,SM,1,1,20
1029,162,movil,SM,1,0,0
1030,162,patata,SM,1,0,0
1031,162,pelota,SM,0,1,19
1032,162,roedor,SM,1,0,0
1033,162,sapo,SM,0,1,10
1034,162,sudadera,SM,1,1,0
1035,162,templo,SM,1,0,0
1036,163,arma,SM,0,1,0
1037,163,banera,SM,0,1,19
1038,163,barriga,SM,0,1,0
1039,163,boligrafo,SM,0,1,4
1040,163,bombilla,SM,0,1,1
1041,163,cigarrillo,SM,0,1,0
1042,163,emparedado,SM,0,0,0
1043,163,gafas,SM,0,1,0
1044,163,liebre,SM,0,1,0
1045,163,mani,SM,0,1,0
1046,163,medico,SM,1,1,15
1047,163,melocoton,SM,0,1,0
1048,163,motocicleta,SM,0,1,20
1049,163,movil,SM,0,1,0
1050,163,patata,SM,0,1,0
1051,163,pelota,SM,0,0,19
1052,163,roedor,SM,0,0,0
1053,163,sapo,SM,0,1,10
1054,163,sudadera,SM,0,0,0
1055,163,templo,SM,0,1,0
1056,164,arma,SM,1,0,0
1057,164,banera,SM,1,1,19
1058,164,barriga,SM,1,0,0
1059,164,boligrafo,SM,0,1,4
1060,164,bombilla,SM,0,1,1
1061,164,cigarrillo,SM,1,0,0
1062,164,emparedado,SM,1,0,0
1063,164,gafas,SM,0,1,0
1064,164,liebre,SM,1,0,0
1065,164,mani,SM,1,0,0
1066,164,medico,SM,0,1,15
1067,164,melocoton,SM,1,0,0
1068,164,motocicleta,SM,1,1,20
1069,164,movil,SM,1,0,0
1070,164,patata,SM,1,0,0
1071,164,pelota,SM,0,1,19
1072,164,roedor,SM,0,1,0
1073,164,sapo,SM,1,0,10
1074,164,sudadera,SM,1,1,0
1075,164,templo,SM,1,0,0
1076,165,arma,SM,1,0,0
1077,165,banera,SM,1,1,19
1078,165,barriga,SM,1,1,0
1079,165,boligrafo,SM,1,0,4
1080,165,bombilla,SM,1,0,1
1081,165,cigarrillo,SM,0,0,0
1082,165,emparedado,SM,1,0,0
1083,165,gafas,SM,0,0,0
1084,165,liebre,SM,0,1,0
1085,165,mani,SM,1,1,0
1086,165,medico,SM,1,1,15
1087,165,melocoton,SM,1,0,0
1088,165,motocicleta,SM,1,1,20
1089,165,movil,SM,1,0,0
1090,165,patata,SM,1,0,0
1091,165,pelota,SM,1,1,19
1092,165,roedor,SM,1,0,0
1093,165,sapo,SM,1,1,10
1094,165,sudadera,SM,1,1,0
1095,165,templo,SM,1,1,0
1096,166,arma,SM,1,0,0
1097,166,banera,SM,1,1,19
1098,166,barriga,SM,1,0,0
1099,166,boligrafo,SM,1,0,4
1100,166,bombilla,SM,1,0,1
1101,166,cigarrillo,SM,1,0,0
1102,166,emparedado,SM,1,0,0
1103,166,gafas,SM,1,0,0
1104,166,liebre,SM,1,1,0
1105,166,mani,SM,1,1,0
1106,166,medico,SM,1,0,15
1107,166,melocoton,SM,1,0,0
1108,166,motocicleta,SM,0,1,20
1109,166,movil,SM,1,0,0
1110,166,patata,SM,0,1,0
1111,166,pelota,SM,1,0,19
1112,166,roedor,SM,1,0,0
1113,166,sapo,SM,1,0,10
1114,166,sudadera,SM,1,0,0
1115,166,templo,SM,1,0,0
1116,167,arma,SM,1,0,0
1117,167,banera,SM,1,0,19
1118,167,barriga,SM,1,0,0
1119,167,boligrafo,SM,1,0,4
1120,167,bombilla,SM,0,1,1
1121,167,cigarrillo,SM,1,0,0
1122,167,emparedado,SM,0,1,0
1123,167,gafas,SM,1,0,0
1124,167,liebre,SM,1,0,0
1125,167,mani,SM,1,0,0
1126,167,medico,SM,1,0,15
1127,167,melocoton,SM,1,1,0
1128,167,motocicleta,SM,1,1,20
1129,167,movil,SM,0,1,0
1130,167,patata,SM,1,0,0
1131,167,pelota,SM,1,0,19
1132,167,roedor,SM,1,0,0
1133,167,sapo,SM,1,1,10
1134,167,sudadera,SM,1,0,0
1135,167,templo,SM,0,1,0
1136,168,arma,SM,1,0,0
1137,168,banera,SM,1,0,19
1138,168,barriga,SM,1,1,0
1139,168,boligrafo,SM,1,0,4
1140,168,bombilla,SM,1,0,1
1141,168,cigarrillo,SM,1,0,0
1142,168,emparedado,SM,1,0,0
1143,168,gafas,SM,1,0,0
1144,168,liebre,SM,1,0,0
1145,168,mani,SM,1,0,0
1146,168,medico,SM,1,0,15
1147,168,melocoton,SM,1,0,0
1148,168,motocicleta,SM,1,1,20
1149,168,movil,SM,1,0,0
1150,168,patata,SM,1,0,0
1151,168,pelota,SM,1,1,19
1152,168,roedor,SM,1,0,0
1153,168,sapo,SM,1,0,10
1154,168,sudadera,SM,1,0,0
1155,168,templo,SM,1,0,0
1156,169,arma,SM,0,1,0
1157,169,banera,SM,1,1,19
1158,169,barriga,SM,1,1,0
1159,169,boligrafo,SM,1,1,4
1160,169,bombilla,SM,1,1,1
1161,169,cigarrillo,SM,1,1,0
1162,169,emparedado,SM,1,1,0
1163,169,gafas,SM,1,1,0
1164,169,liebre,SM,1,1,0
1165,169,mani,SM,1,1,0
1166,169,medico,SM,0,1,15
1167,169,melocoton,SM,1,1,0
1168,169,motocicleta,SM,1,1,20
1169,169,movil,SM,1,1,0
1170,169,patata,SM,1,1,0
1171,169,pelota,SM,1,1,19
1172,169,roedor,SM,1,1,0
1173,169,sapo,SM,1,1,10
1174,169,sudadera,SM,1,1,0
1175,169,templo,SM,1,1,0
1176,170,arma,SM,0,1,0
1177,170,banera,SM,1,1,19
1178,170,barriga,SM,0,1,0
1179,170,boligrafo,SM,0,1,4
1180,170,bombilla,SM,0,1,1
1181,170,cigarrillo,SM,0,1,0
1182,170,emparedado,SM,0,1,0
1183,170,gafas,SM,1,1,0
1184,170,liebre,SM,0,1,0
1185,170,mani,SM,0,1,0
1186,170,medico,SM,1,1,15
1187,170,melocoton,SM,0,1,0
1188,170,motocicleta,SM,1,0,20
1189,170,movil,SM,0,1,0
1190,170,patata,SM,0,1,0
1191,170,pelota,SM,0,1,19
1192,170,roedor,SM,0,1,0
1194,170,sudadera,SM,0,1,0
1195,170,templo,SM,1,1,0
1196,173,arma,SM,0,1,0
1197,173,banera,SM,1,1,19
1198,173,barriga,SM,0,1,0
1199,173,boligrafo,SM,0,1,4
1200,173,bombilla,SM,0,1,1
1201,173,cigarrillo,SM,0,1,0
1202,173,emparedado,SM,0,1,0
1203,173,gafas,SM,0,1,0
1204,173,liebre,SM,1,1,0
1205,173,mani,SM,0,1,0
1206,173,medico,SM,0,1,15
1207,173,melocoton,SM,0,1,0
1208,173,motocicleta,SM,0,1,20
1209,173,movil,SM,0,1,0
1210,173,patata,SM,0,1,0
1211,173,pelota,SM,1,1,19
1212,173,roedor,SM,0,1,0
1213,173,sapo,SM,1,1,10
1214,173,sudadera,SM,1,1,0
1215,173,templo,SM,1,1,0
1216,174,arma,SM,1,1,0
1217,174,banera,SM,1,1,19
1218,174,barriga,SM,1,0,0
1219,174,boligrafo,SM,1,0,4
1220,174,bombilla,SM,1,0,1
1221,174,cigarrillo,SM,0,1,0
1222,174,emparedado,SM,0,1,0
1223,174,gafas,SM,0,1,0
1224,174,liebre,SM,0,1,0
1225,174,mani,SM,0,1,0
1226,174,medico,SM,1,1,15
1227,174,melocoton,SM,1,0,0
1228,174,motocicleta,SM,1,1,20
1229,174,movil,SM,0,1,0
1230,174,patata,SM,1,0,0
1231,174,pelota,SM,1,0,19
1232,174,roedor,SM,0,1,0
1233,174,sapo,SM,1,0,10
1234,174,sudadera,SM,0,1,0
1235,174,templo,SM,1,1,0
1236,175,arma,SM,0,1,0
1237,175,banera,SM,1,1,19
1238,175,barriga,SM,0,1,0
1239,175,boligrafo,SM,0,1,4
1240,175,bombilla,SM,1,0,1
1241,175,cigarrillo,SM,0,1,0
1242,175,emparedado,SM,0,1,0
1243,175,gafas,SM,0,1,0
1244,175,liebre,SM,0,1,0
1245,175,mani,SM,0,0,0
1246,175,medico,SM,1,1,15
1247,175,melocoton,SM,0,1,0
1248,175,motocicleta,SM,0,1,20
1249,175,movil,SM,0,1,0
1250,175,patata,SM,0,1,0
1251,175,pelota,SM,0,1,19
1252,175,roedor,SM,0,1,0
1253,175,sapo,SM,1,1,10
1254,175,sudadera,SM,0,1,0
1255,175,templo,SM,0,1,0
1256,176,arma,SM,1,1,0
1257,176,banera,SM,1,1,19
1258,176,barriga,SM,1,1,0
1259,176,boligrafo,SM,1,1,4
1261,176,cigarrillo,SM,1,1,0
1262,176,emparedado,SM,1,1,0
1263,176,gafas,SM,0,1,0
1264,176,liebre,SM,1,1,0
1265,176,mani,SM,1,1,0
1266,176,medico,SM,1,1,15
1267,176,melocoton,SM,1,1,0
1268,176,motocicleta,SM,1,1,20
1269,176,movil,SM,0,1,0
1270,176,patata,SM,1,1,0
1271,176,pelota,SM,1,1,19
1272,176,roedor,SM,1,1,0
1273,176,sapo,SM,1,1,10
1274,176,sudadera,SM,1,1,0
1275,176,templo,SM,0,1,0
1276,177,arma,SM,0,1,0
1277,177,banera,SM,0,1,19
1278,177,barriga,SM,0,1,0
1279,177,boligrafo,SM,0,1,4
1280,177,bombilla,SM,0,1,1
1281,177,cigarrillo,SM,0,1,0
1282,177,emparedado,SM,0,1,0
1283,177,gafas,SM,0,1,0
1284,177,liebre,SM,0,1,0
1285,177,mani,SM,0,1,0
1286,177,medico,SM,1,1,15
1287,177,melocoton,SM,0,1,0
1288,177,motocicleta,SM,1,1,20
1289,177,movil,SM,0,1,0
1290,177,patata,SM,0,1,0
1291,177,pelota,SM,0,1,19
1292,177,roedor,SM,0,0,0
1293,177,sapo,SM,1,0,10
1294,177,sudadera,SM,1,0,0
1295,177,templo,SM,1,1,0
1296,178,arma,SM,1,1,0
1297,178,banera,SM,1,0,19
1298,178,barriga,SM,1,0,0
1299,178,boligrafo,SM,1,1,4
1300,178,bombilla,SM,1,0,1
1301,178,cigarrillo,SM,1,1,0
1302,178,emparedado,SM,1,1,0
1303,178,gafas,SM,1,0,0
1304,178,liebre,SM,1,1,0
1305,178,mani,SM,1,1,0
1306,178,medico,SM,1,1,15
1307,178,melocoton,SM,1,0,0
1308,178,motocicleta,SM,1,1,20
1309,178,movil,SM,1,0,0
1310,178,patata,SM,1,1,0
1311,178,pelota,SM,1,0,19
1312,178,roedor,SM,1,0,0
1313,178,sapo,SM,1,1,10
1314,178,sudadera,SM,1,1,0
1315,178,templo,SM,1,0,0
1316,179,arma,SM,0,0,0
1317,179,banera,SM,0,1,19
1318,179,barriga,SM,0,1,0
1319,179,boligrafo,SM,0,1,4
1320,179,bombilla,SM,0,0,1
1321,179,cigarrillo,SM,0,0,0
1322,179,emparedado,SM,0,1,0
1323,179,gafas,SM,0,0,0
1324,179,liebre,SM,0,1,0
1325,179,mani,SM,0,0,0
1326,179,medico,SM,0,1,15
1327,179,melocoton,SM,0,1,0
1328,179,motocicleta,SM,0,0,20
1329,179,movil,SM,0,0,0
1330,179,patata,SM,0,1,0
1331,179,pelota,SM,1,1,19
1332,179,roedor,SM,0,1,0
1333,179,sapo,SM,1,1,10
1334,179,sudadera,SM,0,1,0
1335,179,templo,SM,0,1,0
1336,181,arma,SM,0,1,0
1337,181,banera,SM,0,1,19
1338,181,barriga,SM,0,1,0
1339,181,boligrafo,SM,0,1,4
1340,181,bombilla,SM,0,1,1
1341,181,cigarrillo,SM,0,1,0
1342,181,emparedado,SM,0,0,0
1343,181,gafas,SM,0,1,0
1344,181,liebre,SM,0,1,0
1345,181,mani,SM,0,1,0
1346,181,medico,SM,0,1,15
1347,181,melocoton,SM,0,1,0
1348,181,motocicleta,SM,0,1,20
1349,181,movil,SM,0,1,0
1350,181,patata,SM,0,1,0
1351,181,pelota,SM,0,1,19
1352,181,roedor,SM,0,1,0
1353,181,sapo,SM,1,1,10
1354,181,sudadera,SM,1,0,0
1355,181,templo,SM,0,1,0
1356,182,arma,SM,1,1,0
1357,182,banera,SM,1,1,19
1358,182,barriga,SM,1,0,0
1359,182,boligrafo,SM,0,1,4
1360,182,bombilla,SM,1,0,1
1361,182,cigarrillo,SM,0,1,0
1362,182,emparedado,SM,0,1,0
1363,182,gafas,SM,0,1,0
1364,182,liebre,SM,1,1,0
1365,182,mani,SM,0,1,0
1366,182,medico,SM,1,1,15
1367,182,melocoton,SM,0,1,0
1368,182,motocicleta,SM,1,1,20
1369,182,movil,SM,0,1,0
1370,182,patata,SM,0,1,0
1371,182,pelota,SM,0,0,19
1372,182,roedor,SM,0,1,0
1373,182,sapo,SM,1,1,10
1374,182,sudadera,SM,0,1,0
1375,182,templo,SM,0,1,0
1376,183,arma,SM,0,1,0
1377,183,banera,SM,0,1,19
1378,183,barriga,SM,0,1,0
1379,183,boligrafo,SM,0,1,4
1380,183,bombilla,SM,0,1,1
1381,183,cigarrillo,SM,0,1,0
1382,183,emparedado,SM,0,1,0
1383,183,gafas,SM,0,1,0
1384,183,liebre,SM,0,1,0
1385,183,mani,SM,0,1,0
1386,183,medico,SM,1,1,15
1387,183,melocoton,SM,0,1,0
1388,183,motocicleta,SM,1,0,20
1389,183,movil,SM,0,1,0
1390,183,patata,SM,0,1,0
1391,183,pelota,SM,0,1,19
1392,183,roedor,SM,0,1,0
1393,183,sapo,SM,0,1,10
1394,183,sudadera,SM,0,1,0
1395,183,templo,SM,0,1,0
1396,184,arma,SM,1,0,0
1397,184,banera,SM,1,0,19
1398,184,barriga,SM,1,0,0
1399,184,boligrafo,SM,1,0,4
1400,184,bombilla,SM,1,0,1
1401,184,cigarrillo,SM,1,0,0
1402,184,emparedado,SM,1,0,0
1403,184,gafas,SM,1,0,0
1404,184,liebre,SM,1,0,0
1405,184,mani,SM,1,0,0
1406,184,medico,SM,1,0,15
1407,184,melocoton,SM,1,0,0
1408,184,motocicleta,SM,1,0,20
1409,184,movil,SM,1,0,0
1410,184,patata,SM,1,0,0
1411,184,pelota,SM,1,0,19
1412,184,roedor,SM,1,0,0
1413,184,sapo,SM,1,1,10
1414,184,sudadera,SM,1,0,0
1415,184,templo,SM,1,0,0
1416,186,arma,SM,1,0,0
1417,186,banera,SM,1,0,19
1418,186,barriga,SM,1,1,0
1419,186,boligrafo,SM,1,0,4
1420,186,bombilla,SM,1,0,1
1421,186,cigarrillo,SM,1,0,0
1422,186,emparedado,SM,1,0,0
1423,186,gafas,SM,1,0,0
1424,186,liebre,SM,1,0,0
1425,186,mani,SM,1,1,0
1426,186,medico,SM,1,0,15
1427,186,melocoton,SM,1,0,0
1428,186,motocicleta,SM,1,1,20
1429,186,movil,SM,1,0,0
1430,186,patata,SM,1,0,0
1431,186,pelota,SM,0,1,19
1432,186,roedor,SM,1,1,0
1433,186,sapo,SM,1,0,10
1434,186,sudadera,SM,1,0,0
1435,186,templo,SM,1,0,0
1436,187,arma,SM,0,1,0
1437,187,banera,SM,1,1,19
1438,187,barriga,SM,1,0,0
1439,187,boligrafo,SM,1,0,4
1440,187,bombilla,SM,1,0,1
1441,187,cigarrillo,SM,1,0,0
1442,187,emparedado,SM,1,0,0
1443,187,gafas,SM,1,0,0
1444,187,liebre,SM,0,1,0
1445,187,mani,SM,1,0,0
1446,187,medico,SM,0,1,15
1447,187,melocoton,SM,1,0,0
1448,187,motocicleta,SM,1,0,20
1449,187,movil,SM,1,0,0
1450,187,patata,SM,1,0,0
1451,187,pelota,SM,1,0,19
1452,187,roedor,SM,0,1,0
1453,187,sapo,SM,1,1,10
1454,187,sudadera,SM,1,0,0
1455,187,templo,SM,0,1,0
1456,188,arma,SM,1,0,0
1457,188,banera,SM,1,0,19
1458,188,barriga,SM,0,0,0
1459,188,boligrafo,SM,0,1,4
1460,188,bombilla,SM,1,0,1
1461,188,cigarrillo,SM,1,0,0
1462,188,emparedado,SM,1,0,0
1463,188,gafas,SM,1,0,0
1464,188,liebre,SM,1,0,0
1465,188,mani,SM,0,0,0
1466,188,medico,SM,0,0,15
1467,188,melocoton,SM,0,0,0
1468,188,motocicleta,SM,0,0,20
1469,188,movil,SM,1,0,0
1470,188,patata,SM,1,0,0
1471,188,pelota,SM,1,0,19
1472,188,roedor,SM,1,0,0
1473,188,sapo,SM,1,0,10
1474,188,sudadera,SM,0,1,0
1475,188,templo,SM,1,0,0
1476,189,arma,SM,0,1,0
1477,189,banera,SM,1,1,19
1478,189,barriga,SM,1,1,0
1479,189,boligrafo,SM,0,0,4
1480,189,bombilla,SM,1,0,1
1481,189,cigarrillo,SM,1,1,0
1482,189,emparedado,SM,1,0,0
1483,189,gafas,SM,1,0,0
1484,189,liebre,SM,1,0,0
1485,189,mani,SM,1,0,0
1486,189,medico,SM,1,1,15
1487,189,melocoton,SM,1,0,0
1488,189,motocicleta,SM,1,1,20
1489,189,movil,SM,1,0,0
1490,189,patata,SM,1,0,0
1491,189,pelota,SM,1,0,19
1492,189,roedor,SM,0,1,0
1493,189,sapo,SM,1,1,10
1494,189,sudadera,SM,1,1,0
1495,189,templo,SM,1,1,0
1496,193,arma,SM,1,1,0
1497,193,banera,SM,1,1,19
1498,193,barriga,SM,1,1,0
1499,193,boligrafo,SM,1,1,4
1500,193,bombilla,SM,1,0,1
1501,193,cigarrillo,SM,1,0,0
1502,193,emparedado,SM,0,1,0
1503,193,gafas,SM,0,1,0
1504,193,liebre,SM,1,1,0
1505,193,mani,SM,0,1,0
1506,193,medico,SM,1,1,15
1508,193,motocicleta,SM,1,1,20
1509,193,movil,SM,0,0,0
1510,193,patata,SM,1,0,0
1511,193,pelota,SM,1,1,19
1512,193,roedor,SM,0,1,0
1513,193,sapo,SM,1,1,10
1514,193,sudadera,SM,0,1,0
1515,193,templo,SM,0,1,0
1516,194,arma,SM,1,1,0
1517,194,banera,SM,0,1,19
1518,194,barriga,SM,0,1,0
1519,194,boligrafo,SM,0,0,4
1520,194,bombilla,SM,1,0,1
1521,194,cigarrillo,SM,0,1,0
1522,194,emparedado,SM,0,1,0
1523,194,gafas,SM,0,1,0
1524,194,liebre,SM,1,0,0
1525,194,mani,SM,1,1,0
1526,194,medico,SM,0,1,15
1527,194,melocoton,SM,0,0,0
1528,194,motocicleta,SM,0,1,20
1529,194,movil,SM,0,0,0
1530,194,patata,SM,0,1,0
1531,194,pelota,SM,1,0,19
1532,194,roedor,SM,0,0,0
1533,194,sapo,SM,1,0,10
1534,194,sudadera,SM,1,0,0
1535,194,templo,SM,0,1,0
1536,195,arma,SM,1,1,0
1537,195,banera,SM,1,0,19
1538,195,barriga,SM,1,1,0
1539,195,boligrafo,SM,0,1,4
1540,195,bombilla,SM,1,0,1
1541,195,cigarrillo,SM,1,0,0
1542,195,emparedado,SM,1,0,0
1543,195,gafas,SM,1,0,0
1544,195,liebre,SM,0,1,0
1545,195,mani,SM,1,0,0
1546,195,medico,SM,1,0,15
1547,195,melocoton,SM,1,0,0
1548,195,motocicleta,SM,1,1,20
1549,195,movil,SM,1,0,0
1550,195,patata,SM,1,0,0
1551,195,pelota,SM,1,1,19
1552,195,roedor,SM,1,0,0
1553,195,sapo,SM,1,1,10
1554,195,sudadera,SM,0,1,0
1555,195,templo,SM,1,0,0
