,ID,target,answer,correct,condition,freq1,align
1,2400,arma,pistola,CORRECT,AM,0,0
2,2401,arma,pistola,CORRECT,AM,0,0
3,2402,arma,pistola,CORRECT,AM,0,0
4,2403,arma,pistola,CORRECT,AM,0,0
5,2405,arma,revolver,CORRECT,AM,0,0
6,2406,arma,arma,CORRECT,AM,0,1
7,2407,arma,revï¿½lver,CORRECT,AM,0,0
8,2408,arma,pistola,CORRECT,AM,0,0
9,2409,arma,arma,CORRECT,AM,0,1
10,2410,arma,pistola,CORRECT,AM,0,0
11,2411,arma,arma,CORRECT,AM,0,1
12,2412,arma,arma,CORRECT,AM,0,1
13,2413,arma,arma,CORRECT,AM,0,1
14,2414,arma,pistola,CORRECT,AM,0,0
15,2419,arma,pistola,CORRECT,AM,0,0
16,2420,arma,arma,CORRECT,AM,0,1
17,2421,arma,arma,CORRECT,AM,0,1
18,2424,arma,pistola,CORRECT,AM,0,0
19,2426,arma,pistola,CORRECT,AM,0,0
20,2427,arma,arma,CORRECT,AM,0,1
21,2428,arma,revolver,CORRECT,AM,0,0
22,2429,arma,pistola,CORRECT,AM,0,0
23,2430,arma,pistola,CORRECT,AM,0,0
24,2431,arma,arma,CORRECT,AM,0,1
25,2432,arma,arma,CORRECT,AM,0,1
26,2433,arma,pistola,CORRECT,AM,0,0
27,2434,arma,pistola,CORRECT,AM,0,0
28,2435,arma,pistola,CORRECT,AM,0,0
29,2436,arma,pistola,CORRECT,AM,0,0
30,2438,arma,pistola,CORRECT,AM,0,0
31,2440,arma,arma,CORRECT,AM,0,1
32,2441,arma,arma,CORRECT,AM,0,1
33,2442,arma,arma,CORRECT,AM,0,1
34,2443,arma,arma,CORRECT,AM,0,1
35,2444,arma,pistola,CORRECT,AM,0,0
36,2445,arma,pistola,CORRECT,AM,0,0
37,2447,arma,pistola,CORRECT,AM,0,0
38,2448,arma,pistola,CORRECT,AM,0,0
39,2400,banera,banera,CORRECT,AM,19,1
40,2401,banera,banera,CORRECT,AM,19,1
41,2402,banera,tina,CORRECT,AM,19,0
42,2403,banera,tina,CORRECT,AM,19,0
43,2405,banera,banera,CORRECT,AM,19,1
44,2406,banera,banera,CORRECT,AM,19,1
45,2407,banera,banera,CORRECT,AM,19,1
46,2408,banera,tina,CORRECT,AM,19,0
47,2409,banera,banera,CORRECT,AM,19,1
48,2410,banera,tina,CORRECT,AM,19,0
49,2411,banera,banera,CORRECT,AM,19,1
50,2412,banera,banera,CORRECT,AM,19,1
51,2414,banera,banera,CORRECT,AM,19,1
52,2419,banera,banera,CORRECT,AM,19,1
53,2420,banera,banera,CORRECT,AM,19,1
54,2421,banera,banera,CORRECT,AM,19,1
55,2424,banera,banera,CORRECT,AM,19,1
56,2426,banera,banera,CORRECT,AM,19,1
57,2427,banera,banera,CORRECT,AM,19,1
58,2428,banera,banera,CORRECT,AM,19,1
59,2429,banera,banera,CORRECT,AM,19,1
60,2430,banera,banera,CORRECT,AM,19,1
61,2431,banera,banera,CORRECT,AM,19,1
62,2432,banera,tina,CORRECT,AM,19,0
63,2433,banera,tina,CORRECT,AM,19,0
64,2434,banera,banera,CORRECT,AM,19,1
65,2435,banera,banera,CORRECT,AM,19,1
66,2436,banera,banera,CORRECT,AM,19,1
67,2438,banera,tina,CORRECT,AM,19,0
68,2440,banera,banera,CORRECT,AM,19,1
69,2441,banera,banera,CORRECT,AM,19,1
70,2442,banera,banera,CORRECT,AM,19,1
71,2443,banera,banera,CORRECT,AM,19,1
72,2444,banera,tina,CORRECT,AM,19,0
73,2445,banera,banera,CORRECT,AM,19,1
74,2447,banera,banera,CORRECT,AM,19,1
75,2448,banera,tina de baï¿½o,CORRECT,AM,19,0
76,2400,barriga,barriga,CORRECT,AM,0,1
77,2401,barriga,estomago,CORRECT,AM,0,0
78,2402,barriga,abdomen,CORRECT,AM,0,0
79,2403,barriga,panza,CORRECT,AM,0,0
80,2405,barriga,panza,CORRECT,AM,0,0
81,2406,barriga,barriga,CORRECT,AM,0,1
82,2407,barriga,barriga,CORRECT,AM,0,1
83,2408,barriga,vientre,CORRECT,AM,0,0
84,2409,barriga,barriga,CORRECT,AM,0,1
85,2410,barriga,barriga,CORRECT,AM,0,1
86,2411,barriga,barriga,CORRECT,AM,0,1
87,2412,barriga,barriga,CORRECT,AM,0,1
88,2413,barriga,barriga,CORRECT,AM,0,1
89,2414,barriga,estï¿½mago,CORRECT,AM,0,0
90,2419,barriga,barriga,CORRECT,AM,0,1
91,2420,barriga,panza,CORRECT,AM,0,0
92,2421,barriga,panza,CORRECT,AM,0,0
93,2424,barriga,panza,CORRECT,AM,0,0
94,2426,barriga,barriga,CORRECT,AM,0,1
95,2427,barriga,barriga,CORRECT,AM,0,1
96,2428,barriga,barriga,CORRECT,AM,0,1
97,2429,barriga,barriga,CORRECT,AM,0,1
98,2430,barriga,barriga,CORRECT,AM,0,1
99,2431,barriga,barriga,CORRECT,AM,0,1
100,2432,barriga,barriga,CORRECT,AM,0,1
101,2433,barriga,panza,CORRECT,AM,0,0
102,2434,barriga,panza,CORRECT,AM,0,0
103,2435,barriga,panza,CORRECT,AM,0,0
104,2436,barriga,barriga,CORRECT,AM,0,1
105,2438,barriga,panza,CORRECT,AM,0,0
106,2440,barriga,barriga,CORRECT,AM,0,1
107,2441,barriga,estomago,CORRECT,AM,0,0
108,2442,barriga,barriga,CORRECT,AM,0,1
109,2443,barriga,barriga,CORRECT,AM,0,1
110,2444,barriga,barriga,CORRECT,AM,0,1
111,2445,barriga,barriga,CORRECT,AM,0,1
112,2447,barriga,barriga,CORRECT,AM,0,1
113,2448,barriga,panza,CORRECT,AM,0,0
114,2400,boligrafo,boligrafo,CORRECT,AM,4,1
115,2401,boligrafo,pluma,CORRECT,AM,4,0
116,2402,boligrafo,pluma,CORRECT,AM,4,0
117,2403,boligrafo,pluma,CORRECT,AM,4,0
118,2405,boligrafo,pluma,CORRECT,AM,4,0
119,2406,boligrafo,boligrafo,CORRECT,AM,4,1
120,2407,boligrafo,boligrafo,CORRECT,AM,4,1
121,2408,boligrafo,pluma,CORRECT,AM,4,0
122,2409,boligrafo,boligrafo,CORRECT,AM,4,1
123,2410,boligrafo,boligrafo,CORRECT,AM,4,1
124,2411,boligrafo,boligrafo,CORRECT,AM,4,1
125,2412,boligrafo,boligrafo,CORRECT,AM,4,1
126,2413,boligrafo,boligrafo,CORRECT,AM,4,1
127,2414,boligrafo,boligrafo,CORRECT,AM,4,1
128,2419,boligrafo,boligrafo,CORRECT,AM,4,1
129,2420,boligrafo,pluma,CORRECT,AM,4,0
130,2421,boligrafo,pluma,CORRECT,AM,4,0
131,2424,boligrafo,boligrafo,CORRECT,AM,4,1
132,2426,boligrafo,pluma,CORRECT,AM,4,0
133,2427,boligrafo,boligrafo,CORRECT,AM,4,1
134,2428,boligrafo,pluma,CORRECT,AM,4,0
135,2429,boligrafo,boligrafo,CORRECT,AM,4,1
136,2430,boligrafo,boligrafo ,CORRECT,AM,4,0
137,2431,boligrafo,boligrafo,CORRECT,AM,4,1
138,2432,boligrafo,boligrafo ,CORRECT,AM,4,0
139,2433,boligrafo,pluma,CORRECT,AM,4,0
140,2434,boligrafo,pluma,CORRECT,AM,4,0
141,2435,boligrafo,pluma,CORRECT,AM,4,0
142,2436,boligrafo,pluma,CORRECT,AM,4,0
143,2438,boligrafo,pluma,CORRECT,AM,4,0
144,2440,boligrafo,boligrafo,CORRECT,AM,4,1
145,2441,boligrafo,boligrafo,CORRECT,AM,4,1
146,2442,boligrafo,boligrafo,CORRECT,AM,4,1
147,2443,boligrafo,boligrafo,CORRECT,AM,4,1
148,2444,boligrafo,boligrafo,CORRECT,AM,4,1
149,2445,boligrafo,boligrafo,CORRECT,AM,4,1
150,2447,boligrafo,boligrafo,CORRECT,AM,4,1
151,2448,boligrafo,pluma,CORRECT,AM,4,0
152,2400,bombilla,foco,CORRECT,AM,1,0
153,2401,bombilla,foco,CORRECT,AM,1,0
154,2402,bombilla,foco,CORRECT,AM,1,0
155,2403,bombilla,foco,CORRECT,AM,1,0
156,2405,bombilla,bombilla,CORRECT,AM,1,1
157,2406,bombilla,bombilla,CORRECT,AM,1,1
158,2407,bombilla,bombilla,CORRECT,AM,1,1
159,2408,bombilla,foco,CORRECT,AM,1,0
160,2409,bombilla,bombilla,CORRECT,AM,1,1
161,2410,bombilla,bombilla,CORRECT,AM,1,1
162,2411,bombilla,bombilla,CORRECT,AM,1,1
163,2412,bombilla,bombilla,CORRECT,AM,1,1
164,2413,bombilla,bombilla,CORRECT,AM,1,1
165,2414,bombilla,foco,CORRECT,AM,1,0
166,2420,bombilla,foco,CORRECT,AM,1,0
167,2421,bombilla,bombilla,CORRECT,AM,1,1
168,2424,bombilla,bombilla,CORRECT,AM,1,1
169,2427,bombilla,foco,CORRECT,AM,1,0
170,2428,bombilla,foco,CORRECT,AM,1,0
171,2429,bombilla,bombilla,CORRECT,AM,1,1
172,2430,bombilla,foco,CORRECT,AM,1,0
173,2431,bombilla,bombilla,CORRECT,AM,1,1
174,2432,bombilla,foco,CORRECT,AM,1,0
175,2433,bombilla,foco,CORRECT,AM,1,0
176,2434,bombilla,foco,CORRECT,AM,1,0
177,2435,bombilla,foco,CORRECT,AM,1,0
178,2436,bombilla,bombilla,CORRECT,AM,1,1
179,2438,bombilla,foco,CORRECT,AM,1,0
180,2440,bombilla,bombilla,CORRECT,AM,1,1
181,2441,bombilla,bombilla,CORRECT,AM,1,1
182,2442,bombilla,bombilla,CORRECT,AM,1,1
183,2443,bombilla,foco,CORRECT,AM,1,0
184,2444,bombilla,bombilla,CORRECT,AM,1,1
185,2445,bombilla,foco,CORRECT,AM,1,0
186,2447,bombilla,bombilla,CORRECT,AM,1,1
187,2448,bombilla,foco,CORRECT,AM,1,0
188,2400,cigarrillo,cigarro,CORRECT,AM,0,0
189,2401,cigarrillo,cigarrillo,CORRECT,AM,0,1
190,2402,cigarrillo,cigarro,CORRECT,AM,0,0
191,2403,cigarrillo,cigarro,CORRECT,AM,0,0
192,2405,cigarrillo,cigarro,CORRECT,AM,0,0
193,2406,cigarrillo,cigarrillo,CORRECT,AM,0,1
194,2407,cigarrillo,cigarrillo,CORRECT,AM,0,1
195,2408,cigarrillo,cigarro,CORRECT,AM,0,0
196,2409,cigarrillo,cigarrillo,CORRECT,AM,0,1
197,2410,cigarrillo,cigarrillo,CORRECT,AM,0,1
198,2411,cigarrillo,cigarrillo,CORRECT,AM,0,1
199,2412,cigarrillo,cigarrillo,CORRECT,AM,0,1
200,2413,cigarrillo,cigarrillo,CORRECT,AM,0,1
201,2414,cigarrillo,cigarro,CORRECT,AM,0,0
202,2419,cigarrillo,cigarrillo,CORRECT,AM,0,1
203,2420,cigarrillo,cigarro,CORRECT,AM,0,0
204,2421,cigarrillo,cigarro,CORRECT,AM,0,0
205,2424,cigarrillo,cigarrillo,CORRECT,AM,0,1
206,2426,cigarrillo,cigarro,CORRECT,AM,0,0
207,2427,cigarrillo,cigarrillo,CORRECT,AM,0,1
208,2428,cigarrillo,cigarrillo,CORRECT,AM,0,1
209,2429,cigarrillo,cigarrillo,CORRECT,AM,0,1
210,2430,cigarrillo,cigarrillo,CORRECT,AM,0,1
211,2431,cigarrillo,cigarrillo,CORRECT,AM,0,1
212,2432,cigarrillo,cigarro,CORRECT,AM,0,0
213,2433,cigarrillo,cigarro,CORRECT,AM,0,0
214,2434,cigarrillo,cigarro,CORRECT,AM,0,0
215,2435,cigarrillo,cigarro,CORRECT,AM,0,0
216,2436,cigarrillo,cigarro,CORRECT,AM,0,0
217,2438,cigarrillo,cigarro,CORRECT,AM,0,0
218,2440,cigarrillo,cigarrillo,CORRECT,AM,0,1
219,2441,cigarrillo,cigarrillo,CORRECT,AM,0,1
220,2442,cigarrillo,cigarrillo,CORRECT,AM,0,1
221,2443,cigarrillo,cigarrillo,CORRECT,AM,0,1
222,2444,cigarrillo,cigarro,CORRECT,AM,0,0
223,2445,cigarrillo,cigarrillo,CORRECT,AM,0,1
224,2447,cigarrillo,cigarrillo,CORRECT,AM,0,1
225,2448,cigarrillo,cigarro,CORRECT,AM,0,0
226,2400,emparedado,emparedado,CORRECT,AM,0,1
227,2401,emparedado,sandwich,CORRECT,AM,0,0
228,2402,emparedado,sandwich,CORRECT,AM,0,0
229,2403,emparedado,emparedado,CORRECT,AM,0,1
230,2405,emparedado,sandwich,CORRECT,AM,0,0
231,2406,emparedado,emparedado,CORRECT,AM,0,1
232,2407,emparedado,emparedado,CORRECT,AM,0,1
233,2408,emparedado,sandwich,CORRECT,AM,0,0
234,2409,emparedado,emparedado,CORRECT,AM,0,1
235,2410,emparedado,sandwich,CORRECT,AM,0,0
236,2411,emparedado,emparedado,CORRECT,AM,0,1
237,2412,emparedado,emparedado,CORRECT,AM,0,1
238,2413,emparedado,enparedado,CORRECT,AM,0,0
239,2414,emparedado,sï¿½ndwich,CORRECT,AM,0,0
240,2419,emparedado,sandwich,CORRECT,AM,0,0
241,2420,emparedado,sandwich,CORRECT,AM,0,0
242,2421,emparedado,emparedado,CORRECT,AM,0,1
243,2424,emparedado,emparedado,CORRECT,AM,0,1
244,2426,emparedado,sandwich,CORRECT,AM,0,0
245,2427,emparedado,lonche,CORRECT,AM,0,0
246,2428,emparedado,sandwich,CORRECT,AM,0,0
247,2429,emparedado,emparedado,CORRECT,AM,0,1
248,2430,emparedado,emparedado,CORRECT,AM,0,1
249,2431,emparedado,emparedado,CORRECT,AM,0,1
250,2432,emparedado,sandwich,CORRECT,AM,0,0
251,2433,emparedado,sandwich,CORRECT,AM,0,0
252,2434,emparedado,sandwich,CORRECT,AM,0,0
253,2435,emparedado,sandwich,CORRECT,AM,0,0
254,2436,emparedado,emparedado,CORRECT,AM,0,1
255,2438,emparedado,sandwich,CORRECT,AM,0,0
256,2440,emparedado,emparedado,CORRECT,AM,0,1
257,2441,emparedado,emparedado,CORRECT,AM,0,1
258,2442,emparedado,emparedado,CORRECT,AM,0,1
259,2443,emparedado,emparedado,CORRECT,AM,0,1
260,2444,emparedado,emparedado,CORRECT,AM,0,1
261,2445,emparedado,emparedado,CORRECT,AM,0,1
262,2447,emparedado,emparedado,CORRECT,AM,0,1
263,2448,emparedado,sandwich,CORRECT,AM,0,0
264,2400,gafas,gafas,CORRECT,AM,0,1
265,2401,gafas,lentes,CORRECT,AM,0,0
266,2402,gafas,gafas,CORRECT,AM,0,1
267,2403,gafas,lentes,CORRECT,AM,0,0
268,2405,gafas,lentes,CORRECT,AM,0,0
269,2406,gafas,gafas,CORRECT,AM,0,1
270,2407,gafas,anteojos,CORRECT,AM,0,0
271,2408,gafas,lentes,CORRECT,AM,0,0
272,2409,gafas,gafas,CORRECT,AM,0,1
273,2410,gafas,lentes,CORRECT,AM,0,0
274,2411,gafas,gafas,CORRECT,AM,0,1
275,2412,gafas,gafas,CORRECT,AM,0,1
276,2413,gafas,gafas,CORRECT,AM,0,1
277,2414,gafas,lentes,CORRECT,AM,0,0
278,2419,gafas,lentes,CORRECT,AM,0,0
279,2420,gafas,lentes,CORRECT,AM,0,0
280,2421,gafas,lentes,CORRECT,AM,0,0
281,2424,gafas,lentes,CORRECT,AM,0,0
282,2426,gafas,anteojos,CORRECT,AM,0,0
283,2427,gafas,lentes,CORRECT,AM,0,0
284,2428,gafas,lentes,CORRECT,AM,0,0
285,2429,gafas,gafas,CORRECT,AM,0,1
286,2430,gafas,gafas,CORRECT,AM,0,1
287,2431,gafas,gafas,CORRECT,AM,0,1
288,2432,gafas,lentes,CORRECT,AM,0,0
289,2433,gafas,lentes,CORRECT,AM,0,0
290,2434,gafas,lentes,CORRECT,AM,0,0
291,2435,gafas,lentes,CORRECT,AM,0,0
292,2436,gafas,anteojos,CORRECT,AM,0,0
293,2438,gafas,lentes,CORRECT,AM,0,0
294,2440,gafas,gafas,CORRECT,AM,0,1
295,2441,gafas,gafas,CORRECT,AM,0,1
296,2442,gafas,gafas,CORRECT,AM,0,1
297,2443,gafas,gafas,CORRECT,AM,0,1
298,2444,gafas,lentes,CORRECT,AM,0,0
299,2445,gafas,lentes,CORRECT,AM,0,0
300,2447,gafas,anteojos,CORRECT,AM,0,0
301,2448,gafas,lentes,CORRECT,AM,0,0
302,2400,liebre,conejo,CORRECT,AM,0,0
303,2401,liebre,conejo,CORRECT,AM,0,0
304,2402,liebre,conejo,CORRECT,AM,0,0
305,2403,liebre,conejo,CORRECT,AM,0,0
306,2405,liebre,liebre,CORRECT,AM,0,1
307,2406,liebre,liebre,CORRECT,AM,0,1
308,2407,liebre,liebre,CORRECT,AM,0,1
309,2408,liebre,conejo,CORRECT,AM,0,0
310,2409,liebre,liebre,CORRECT,AM,0,1
311,2410,liebre,conejo,CORRECT,AM,0,0
312,2411,liebre,liebre,CORRECT,AM,0,1
313,2412,liebre,liebre,CORRECT,AM,0,1
314,2413,liebre,liebre,CORRECT,AM,0,1
315,2414,liebre,conejo,CORRECT,AM,0,0
316,2419,liebre,conejo,CORRECT,AM,0,0
317,2420,liebre,conejo,CORRECT,AM,0,0
318,2421,liebre,conejo,CORRECT,AM,0,0
319,2424,liebre,conejo,CORRECT,AM,0,0
320,2426,liebre,conejo,CORRECT,AM,0,0
321,2427,liebre,liebre,CORRECT,AM,0,1
322,2428,liebre,conejo,CORRECT,AM,0,0
323,2429,liebre,liebre,CORRECT,AM,0,1
324,2430,liebre,liebre,CORRECT,AM,0,1
325,2431,liebre,liebre,CORRECT,AM,0,1
326,2432,liebre,liebre,CORRECT,AM,0,1
327,2433,liebre,conejo,CORRECT,AM,0,0
328,2434,liebre,conejo,CORRECT,AM,0,0
329,2435,liebre,conejo,CORRECT,AM,0,0
330,2436,liebre,liebre,CORRECT,AM,0,1
331,2438,liebre,conejo,CORRECT,AM,0,0
332,2440,liebre,liebre,CORRECT,AM,0,1
333,2441,liebre,liebre,CORRECT,AM,0,1
334,2442,liebre,liebre,CORRECT,AM,0,1
335,2443,liebre,conejo,CORRECT,AM,0,0
336,2444,liebre,conejo,CORRECT,AM,0,0
337,2445,liebre,liebre,CORRECT,AM,0,1
338,2447,liebre,liebre,CORRECT,AM,0,1
339,2448,liebre,conejo,CORRECT,AM,0,0
340,2400,mani,mani,CORRECT,AM,0,1
341,2401,mani,cacahuate,CORRECT,AM,0,0
342,2402,mani,cacahuate,CORRECT,AM,0,0
343,2405,mani,mani,CORRECT,AM,0,1
344,2406,mani,mani,CORRECT,AM,0,1
345,2407,mani,mani,CORRECT,AM,0,1
346,2408,mani,cacahuate,CORRECT,AM,0,0
347,2409,mani,mani,CORRECT,AM,0,1
348,2410,mani,cacahuate,CORRECT,AM,0,0
349,2411,mani,mani,CORRECT,AM,0,1
350,2412,mani,mani,CORRECT,AM,0,1
351,2413,mani,mani,CORRECT,AM,0,1
352,2414,mani,cacahuate,CORRECT,AM,0,0
353,2419,mani,cacahuate,CORRECT,AM,0,0
354,2420,mani,cacahuate,CORRECT,AM,0,0
355,2421,mani,mani,CORRECT,AM,0,1
356,2424,mani,mani,CORRECT,AM,0,1
357,2426,mani,cacahuate,CORRECT,AM,0,0
358,2427,mani,cacahuate,CORRECT,AM,0,0
359,2428,mani,cacahuate,CORRECT,AM,0,0
360,2429,mani,mani,CORRECT,AM,0,1
361,2430,mani,mani,CORRECT,AM,0,1
362,2431,mani,mani,CORRECT,AM,0,1
363,2432,mani,mani,CORRECT,AM,0,1
364,2433,mani,cacahuate,CORRECT,AM,0,0
365,2434,mani,cacahuate,CORRECT,AM,0,0
366,2435,mani,mani,CORRECT,AM,0,1
367,2436,mani,cacahuate,CORRECT,AM,0,0
368,2438,mani,cacahuate,CORRECT,AM,0,0
369,2440,mani,mani,CORRECT,AM,0,1
370,2441,mani,mani,CORRECT,AM,0,1
371,2442,mani,mani,CORRECT,AM,0,1
372,2443,mani,mani,CORRECT,AM,0,1
373,2444,mani,cacahuate,CORRECT,AM,0,0
374,2445,mani,cacahuate,CORRECT,AM,0,0
375,2447,mani,mani,CORRECT,AM,0,1
376,2448,mani,cacahuate,CORRECT,AM,0,0
377,2400,medico,doctor,CORRECT,AM,15,0
378,2401,medico,doctor,CORRECT,AM,15,0
379,2402,medico,medico,CORRECT,AM,15,1
380,2403,medico,medico,CORRECT,AM,15,1
381,2405,medico,doctor,CORRECT,AM,15,0
382,2406,medico,medico,CORRECT,AM,15,1
383,2407,medico,medico,CORRECT,AM,15,1
384,2408,medico,doctor,CORRECT,AM,15,0
385,2409,medico,medico,CORRECT,AM,15,1
386,2410,medico,doctor,CORRECT,AM,15,0
387,2411,medico,medico,CORRECT,AM,15,1
388,2412,medico,medico,CORRECT,AM,15,1
389,2413,medico,medico,CORRECT,AM,15,1
390,2414,medico,medico,CORRECT,AM,15,1
391,2419,medico,medico,CORRECT,AM,15,1
392,2420,medico,doctor,CORRECT,AM,15,0
393,2421,medico,doctor,CORRECT,AM,15,0
394,2424,medico,doctor,CORRECT,AM,15,0
395,2426,medico,medico,CORRECT,AM,15,1
396,2427,medico,medico,CORRECT,AM,15,1
397,2428,medico,doctor,CORRECT,AM,15,0
398,2429,medico,medico,CORRECT,AM,15,1
399,2430,medico,medico,CORRECT,AM,15,1
400,2431,medico,medico,CORRECT,AM,15,1
401,2432,medico,medico,CORRECT,AM,15,1
402,2433,medico,doctor,CORRECT,AM,15,0
403,2434,medico,doctor,CORRECT,AM,15,0
404,2435,medico,doctor,CORRECT,AM,15,0
405,2436,medico,medico,CORRECT,AM,15,1
406,2438,medico,medico,CORRECT,AM,15,1
407,2440,medico,medico,CORRECT,AM,15,1
408,2441,medico,doctor,CORRECT,AM,15,0
409,2442,medico,medico,CORRECT,AM,15,1
410,2443,medico,medico,CORRECT,AM,15,1
411,2444,medico,doctor,CORRECT,AM,15,0
412,2445,medico,medico,CORRECT,AM,15,1
413,2447,medico,doctor,CORRECT,AM,15,0
414,2448,medico,doctor,CORRECT,AM,15,0
415,2400,melocoton,melocoton,CORRECT,AM,0,1
416,2401,melocoton,manzana,CORRECT,AM,0,0
417,2402,melocoton,durazno,CORRECT,AM,0,0
418,2403,melocoton,melocoton,CORRECT,AM,0,1
419,2405,melocoton,melocoton,CORRECT,AM,0,1
420,2406,melocoton,melocoton,CORRECT,AM,0,1
421,2407,melocoton,melocoton,CORRECT,AM,0,1
422,2408,melocoton,durazno,CORRECT,AM,0,0
423,2409,melocoton,melocoton,CORRECT,AM,0,1
424,2410,melocoton,melocoton,CORRECT,AM,0,1
425,2411,melocoton,melocoton,CORRECT,AM,0,1
426,2412,melocoton,melocoton,CORRECT,AM,0,1
427,2413,melocoton,melocoton,CORRECT,AM,0,1
428,2414,melocoton,melocoton,CORRECT,AM,0,1
429,2419,melocoton,durazno,CORRECT,AM,0,0
430,2420,melocoton,durazno,CORRECT,AM,0,0
431,2421,melocoton,melocoton,CORRECT,AM,0,1
432,2424,melocoton,durazno,CORRECT,AM,0,0
433,2427,melocoton,melocoton,CORRECT,AM,0,1
434,2428,melocoton,durazno,CORRECT,AM,0,0
435,2429,melocoton,melocoton,CORRECT,AM,0,1
436,2430,melocoton,durazno,CORRECT,AM,0,0
437,2431,melocoton,melocoton,CORRECT,AM,0,1
438,2432,melocoton,durazno ,CORRECT,AM,0,0
439,2433,melocoton,durazno,CORRECT,AM,0,0
440,2434,melocoton,durazno,CORRECT,AM,0,0
441,2435,melocoton,durazno,CORRECT,AM,0,0
442,2436,melocoton,melocoton,CORRECT,AM,0,1
443,2438,melocoton,durazno,CORRECT,AM,0,0
444,2440,melocoton,melocoton,CORRECT,AM,0,1
445,2441,melocoton,melocoton,CORRECT,AM,0,1
446,2442,melocoton,melocoton,CORRECT,AM,0,1
447,2443,melocoton,melocoton,CORRECT,AM,0,1
448,2444,melocoton,melocoton,CORRECT,AM,0,1
449,2445,melocoton,durazno,CORRECT,AM,0,0
450,2447,melocoton,melocoton,CORRECT,AM,0,1
451,2448,melocoton,durazno,CORRECT,AM,0,0
452,2400,motocicleta,motocicleta,CORRECT,AM,20,1
453,2401,motocicleta,moto,CORRECT,AM,20,0
454,2402,motocicleta,motocicleta,CORRECT,AM,20,1
455,2403,motocicleta,moto,CORRECT,AM,20,0
456,2405,motocicleta,moto,CORRECT,AM,20,0
457,2406,motocicleta,motocicleta,CORRECT,AM,20,1
458,2407,motocicleta,motocicleta,CORRECT,AM,20,1
459,2408,motocicleta,motocicltea,CORRECT,AM,20,0
460,2409,motocicleta,motocicleta,CORRECT,AM,20,1
461,2410,motocicleta,moto,CORRECT,AM,20,0
462,2411,motocicleta,motocicleta,CORRECT,AM,20,1
463,2412,motocicleta,moto,CORRECT,AM,20,0
464,2413,motocicleta,motocicleta,CORRECT,AM,20,1
465,2414,motocicleta,moto,CORRECT,AM,20,0
466,2419,motocicleta,motocicleta,CORRECT,AM,20,1
467,2420,motocicleta,motocicleta,CORRECT,AM,20,1
468,2421,motocicleta,motocicleta,CORRECT,AM,20,1
469,2424,motocicleta,motocicleta,CORRECT,AM,20,1
470,2426,motocicleta,motocicleta,CORRECT,AM,20,1
471,2427,motocicleta,motocicleta,CORRECT,AM,20,1
472,2428,motocicleta,moto,CORRECT,AM,20,0
473,2429,motocicleta,motocicleta,CORRECT,AM,20,1
474,2430,motocicleta,motocicleta,CORRECT,AM,20,1
475,2431,motocicleta,motocicleta,CORRECT,AM,20,1
476,2432,motocicleta,motocicleta,CORRECT,AM,20,1
477,2433,motocicleta,moto,CORRECT,AM,20,0
478,2434,motocicleta,moto,CORRECT,AM,20,0
479,2435,motocicleta,moto,CORRECT,AM,20,0
480,2436,motocicleta,motocicleta,CORRECT,AM,20,1
481,2438,motocicleta,moto,CORRECT,AM,20,0
482,2440,motocicleta,motocicleta,CORRECT,AM,20,1
483,2441,motocicleta,moto,CORRECT,AM,20,0
484,2442,motocicleta,motocicleta,CORRECT,AM,20,1
485,2443,motocicleta,moto,CORRECT,AM,20,0
486,2444,motocicleta,motocicleta,CORRECT,AM,20,1
487,2445,motocicleta,motocicleta,CORRECT,AM,20,1
488,2447,motocicleta,moto,CORRECT,AM,20,0
489,2448,motocicleta,moto,CORRECT,AM,20,0
490,2400,movil,movil,CORRECT,AM,0,1
491,2401,movil,celular,CORRECT,AM,0,0
492,2402,movil,celular,CORRECT,AM,0,0
493,2403,movil,celular,CORRECT,AM,0,0
494,2405,movil,smartphone,CORRECT,AM,0,0
495,2406,movil,movil,CORRECT,AM,0,1
496,2407,movil,telï¿½fono,CORRECT,AM,0,0
497,2408,movil,celular,CORRECT,AM,0,0
498,2409,movil,movil,CORRECT,AM,0,1
499,2410,movil,movil,CORRECT,AM,0,1
500,2411,movil,movil,CORRECT,AM,0,1
501,2412,movil,movil,CORRECT,AM,0,1
502,2413,movil,telefono,CORRECT,AM,0,0
503,2414,movil,celular,CORRECT,AM,0,0
504,2419,movil,celular,CORRECT,AM,0,0
505,2420,movil,celular,CORRECT,AM,0,0
506,2421,movil,telï¿½fono,CORRECT,AM,0,0
507,2424,movil,movil,CORRECT,AM,0,1
508,2426,movil,celular,CORRECT,AM,0,0
509,2427,movil,movil,CORRECT,AM,0,1
510,2428,movil,celular,CORRECT,AM,0,0
511,2429,movil,celular,CORRECT,AM,0,0
512,2430,movil,movil,CORRECT,AM,0,1
513,2431,movil,movil,CORRECT,AM,0,1
514,2432,movil,celular,CORRECT,AM,0,0
515,2433,movil,celular,CORRECT,AM,0,0
516,2434,movil,celular,CORRECT,AM,0,0
517,2435,movil,celular,CORRECT,AM,0,0
518,2436,movil,celular,CORRECT,AM,0,0
519,2438,movil,celular,CORRECT,AM,0,0
520,2440,movil,movil,CORRECT,AM,0,1
521,2441,movil,telefono celular,CORRECT,AM,0,0
522,2442,movil,movil,CORRECT,AM,0,1
523,2443,movil,movil,CORRECT,AM,0,1
524,2444,movil,celular,CORRECT,AM,0,0
525,2445,movil,telï¿½fono,CORRECT,AM,0,0
526,2447,movil,movil,CORRECT,AM,0,1
527,2448,movil,celular,CORRECT,AM,0,0
528,2400,patata,patata,CORRECT,AM,0,1
529,2401,patata,papa,CORRECT,AM,0,0
530,2402,patata,papa,CORRECT,AM,0,0
531,2403,patata,papa,CORRECT,AM,0,0
532,2405,patata,papa,CORRECT,AM,0,0
533,2406,patata,patata,CORRECT,AM,0,1
534,2407,patata,patata,CORRECT,AM,0,1
535,2408,patata,papa,CORRECT,AM,0,0
536,2409,patata,patata,CORRECT,AM,0,1
537,2410,patata,patata,CORRECT,AM,0,1
538,2411,patata,patata,CORRECT,AM,0,1
539,2412,patata,patata,CORRECT,AM,0,1
540,2413,patata,patata,CORRECT,AM,0,1
541,2414,patata,papa,CORRECT,AM,0,0
542,2419,patata,papa,CORRECT,AM,0,0
543,2420,patata,papa,CORRECT,AM,0,0
544,2421,patata,patata,CORRECT,AM,0,1
545,2424,patata,papa,CORRECT,AM,0,0
546,2426,patata,papa,CORRECT,AM,0,0
547,2427,patata,patata,CORRECT,AM,0,1
548,2428,patata,papa,CORRECT,AM,0,0
549,2429,patata,patata,CORRECT,AM,0,1
550,2430,patata,papa,CORRECT,AM,0,0
551,2431,patata,patata,CORRECT,AM,0,1
552,2432,patata,papa,CORRECT,AM,0,0
553,2433,patata,papa,CORRECT,AM,0,0
554,2434,patata,papa,CORRECT,AM,0,0
555,2435,patata,papa,CORRECT,AM,0,0
556,2436,patata,patata,CORRECT,AM,0,1
557,2438,patata,papa,CORRECT,AM,0,0
558,2440,patata,patata,CORRECT,AM,0,1
559,2441,patata,patata,CORRECT,AM,0,1
560,2442,patata,patata,CORRECT,AM,0,1
561,2443,patata,papa,CORRECT,AM,0,0
562,2444,patata,papa,CORRECT,AM,0,0
563,2445,patata,papa,CORRECT,AM,0,0
564,2447,patata,patata,CORRECT,AM,0,1
565,2448,patata,papa,CORRECT,AM,0,0
566,2400,pelota,pelota,CORRECT,AM,19,1
567,2401,pelota,balon,CORRECT,AM,19,0
568,2402,pelota,pelota,CORRECT,AM,19,1
569,2403,pelota,balï¿½n,CORRECT,AM,19,0
570,2405,pelota,balon,CORRECT,AM,19,0
571,2406,pelota,pelota,CORRECT,AM,19,1
572,2407,pelota,balï¿½n,CORRECT,AM,19,0
573,2408,pelota,balï¿½n,CORRECT,AM,19,0
574,2409,pelota,pelota,CORRECT,AM,19,1
575,2410,pelota,balï¿½n,CORRECT,AM,19,0
576,2411,pelota,pelota,CORRECT,AM,19,1
577,2412,pelota,pelota,CORRECT,AM,19,1
578,2413,pelota,balon,CORRECT,AM,19,0
579,2414,pelota,pelota,CORRECT,AM,19,1
580,2419,pelota,balï¿½n,CORRECT,AM,19,0
581,2420,pelota,balon,CORRECT,AM,19,0
582,2421,pelota,balï¿½n,CORRECT,AM,19,0
583,2424,pelota,balon,CORRECT,AM,19,0
584,2426,pelota,pelota,CORRECT,AM,19,1
585,2427,pelota,pelota,CORRECT,AM,19,1
586,2428,pelota,balï¿½n,CORRECT,AM,19,0
587,2429,pelota,pelota,CORRECT,AM,19,1
588,2430,pelota,balï¿½n,CORRECT,AM,19,0
589,2431,pelota,balï¿½n,CORRECT,AM,19,0
590,2432,pelota,balï¿½n,CORRECT,AM,19,0
591,2433,pelota,pelota,CORRECT,AM,19,1
592,2434,pelota,pelota,CORRECT,AM,19,1
593,2435,pelota,balï¿½n,CORRECT,AM,19,0
594,2436,pelota,pelota,CORRECT,AM,19,1
595,2438,pelota,balon,CORRECT,AM,19,0
596,2440,pelota,pelota,CORRECT,AM,19,1
597,2441,pelota,balï¿½n,CORRECT,AM,19,0
598,2442,pelota,pelota,CORRECT,AM,19,1
599,2443,pelota,balon,CORRECT,AM,19,0
600,2444,pelota,pelota,CORRECT,AM,19,1
601,2445,pelota,pelota,CORRECT,AM,19,1
602,2447,pelota,pelota,CORRECT,AM,19,1
603,2448,pelota,pelota,CORRECT,AM,19,1
604,2400,roedor,roedor,CORRECT,AM,0,1
605,2401,roedor,raton,CORRECT,AM,0,0
606,2402,roedor,ratï¿½n,CORRECT,AM,0,0
607,2403,roedor,ratï¿½n,CORRECT,AM,0,0
608,2405,roedor,raton,CORRECT,AM,0,0
609,2406,roedor,roedor,CORRECT,AM,0,1
610,2407,roedor,ratï¿½n,CORRECT,AM,0,0
611,2408,roedor,ratï¿½n,CORRECT,AM,0,0
612,2409,roedor,roedor,CORRECT,AM,0,1
613,2410,roedor,ratï¿½n,CORRECT,AM,0,0
614,2411,roedor,roedor,CORRECT,AM,0,1
615,2412,roedor,roedor,CORRECT,AM,0,1
616,2413,roedor,roedor,CORRECT,AM,0,1
617,2414,roedor,ratï¿½n,CORRECT,AM,0,0
618,2419,roedor,ratï¿½n,CORRECT,AM,0,0
619,2420,roedor,raton,CORRECT,AM,0,0
620,2421,roedor,rata,CORRECT,AM,0,0
621,2424,roedor,raton,CORRECT,AM,0,0
622,2426,roedor,raton,CORRECT,AM,0,0
623,2427,roedor,roedor,CORRECT,AM,0,1
624,2428,roedor,ratï¿½n,CORRECT,AM,0,0
625,2429,roedor,roedor,CORRECT,AM,0,1
626,2430,roedor,ratï¿½n,CORRECT,AM,0,0
627,2431,roedor,ratï¿½n,CORRECT,AM,0,0
628,2432,roedor,rata,CORRECT,AM,0,0
629,2433,roedor,ratï¿½n,CORRECT,AM,0,0
630,2434,roedor,ratï¿½n,CORRECT,AM,0,0
631,2435,roedor,ratï¿½n,CORRECT,AM,0,0
632,2436,roedor,ratï¿½n,CORRECT,AM,0,0
633,2438,roedor,raton,CORRECT,AM,0,0
634,2440,roedor,roedor,CORRECT,AM,0,1
635,2441,roedor,roedor,CORRECT,AM,0,1
636,2442,roedor,roedor,CORRECT,AM,0,1
637,2443,roedor,roedor,CORRECT,AM,0,1
638,2444,roedor,ratï¿½n,CORRECT,AM,0,0
639,2445,roedor,ratï¿½n,CORRECT,AM,0,0
640,2447,roedor,ratï¿½n,CORRECT,AM,0,0
641,2448,roedor,rata,CORRECT,AM,0,0
642,2400,sapo,sapo,CORRECT,AM,10,1
643,2401,sapo,sapo,CORRECT,AM,10,1
644,2402,sapo,rana,CORRECT,AM,10,0
645,2403,sapo,sapo,CORRECT,AM,10,1
646,2405,sapo,sapo,CORRECT,AM,10,1
647,2406,sapo,sapo,CORRECT,AM,10,1
648,2407,sapo,sapo,CORRECT,AM,10,1
649,2408,sapo,sapo,CORRECT,AM,10,1
650,2409,sapo,sapo,CORRECT,AM,10,1
651,2410,sapo,sapo,CORRECT,AM,10,1
652,2411,sapo,sapo,CORRECT,AM,10,1
653,2412,sapo,sapo,CORRECT,AM,10,1
654,2413,sapo,sapo,CORRECT,AM,10,1
655,2414,sapo,sapo,CORRECT,AM,10,1
656,2419,sapo,rana,CORRECT,AM,10,0
657,2420,sapo,sapo,CORRECT,AM,10,1
658,2421,sapo,sapo,CORRECT,AM,10,1
659,2424,sapo,sapo,CORRECT,AM,10,1
660,2426,sapo,sapo,CORRECT,AM,10,1
661,2427,sapo,rana,CORRECT,AM,10,0
662,2428,sapo,rana,CORRECT,AM,10,0
663,2429,sapo,sapo,CORRECT,AM,10,1
664,2430,sapo,sapo,CORRECT,AM,10,1
665,2431,sapo,sapo,CORRECT,AM,10,1
666,2432,sapo,sapo,CORRECT,AM,10,1
667,2433,sapo,sapo,CORRECT,AM,10,1
668,2434,sapo,sapo,CORRECT,AM,10,1
669,2435,sapo,rana,CORRECT,AM,10,0
670,2436,sapo,sapo,CORRECT,AM,10,1
671,2438,sapo,sapo,CORRECT,AM,10,1
672,2440,sapo,sapo,CORRECT,AM,10,1
673,2441,sapo,sapo,CORRECT,AM,10,1
674,2442,sapo,sapo,CORRECT,AM,10,1
675,2443,sapo,rana,CORRECT,AM,10,0
676,2444,sapo,sapo,CORRECT,AM,10,1
677,2445,sapo,rana,CORRECT,AM,10,0
678,2447,sapo,sapo,CORRECT,AM,10,1
679,2448,sapo,sapo,CORRECT,AM,10,1
680,2400,sudadera,sudadera,CORRECT,AM,0,1
681,2401,sudadera,sudadera,CORRECT,AM,0,1
682,2402,sudadera,sweater,CORRECT,AM,0,0
683,2403,sudadera,sudadera,CORRECT,AM,0,1
684,2405,sudadera,sueter,CORRECT,AM,0,0
685,2406,sudadera,sudadera,CORRECT,AM,0,1
686,2407,sudadera,suï¿½ter,CORRECT,AM,0,0
687,2408,sudadera,suï¿½ter,CORRECT,AM,0,0
688,2409,sudadera,sudadera,CORRECT,AM,0,1
689,2410,sudadera,sweater,CORRECT,AM,0,0
690,2411,sudadera,sudadera,CORRECT,AM,0,1
691,2412,sudadera,sudadera,CORRECT,AM,0,1
692,2413,sudadera,sudadera,CORRECT,AM,0,1
693,2414,sudadera,sueter,CORRECT,AM,0,0
694,2419,sudadera,sweater,CORRECT,AM,0,0
695,2420,sudadera,sudadera,CORRECT,AM,0,1
696,2421,sudadera,sudadera,CORRECT,AM,0,1
697,2424,sudadera,sueter,CORRECT,AM,0,0
698,2426,sudadera,sudadera,CORRECT,AM,0,1
699,2427,sudadera,sudadera,CORRECT,AM,0,1
700,2428,sudadera,sueter,CORRECT,AM,0,0
701,2429,sudadera,sudadera,CORRECT,AM,0,1
702,2430,sudadera,sudadera,CORRECT,AM,0,1
703,2431,sudadera,sudadera,CORRECT,AM,0,1
704,2432,sudadera,sueter,CORRECT,AM,0,0
705,2433,sudadera,sudadera,CORRECT,AM,0,1
706,2434,sudadera,sudadera,CORRECT,AM,0,1
707,2435,sudadera,sweater,CORRECT,AM,0,0
708,2436,sudadera,sudadera,CORRECT,AM,0,1
709,2438,sudadera,sueter,CORRECT,AM,0,0
710,2440,sudadera,sudadera,CORRECT,AM,0,1
711,2441,sudadera,sudadera,CORRECT,AM,0,1
712,2442,sudadera,sudadera,CORRECT,AM,0,1
713,2443,sudadera,sudadera,CORRECT,AM,0,1
714,2444,sudadera,suï¿½ter,CORRECT,AM,0,0
715,2445,sudadera,sudadera,CORRECT,AM,0,1
716,2447,sudadera,sudadera,CORRECT,AM,0,1
717,2448,sudadera,suï¿½ter,CORRECT,AM,0,0
718,2400,templo,templo,CORRECT,AM,0,1
719,2401,templo,iglesia,CORRECT,AM,0,0
720,2402,templo,iglesia,CORRECT,AM,0,0
721,2403,templo,templo,CORRECT,AM,0,1
722,2405,templo,templo,CORRECT,AM,0,1
723,2406,templo,templo,CORRECT,AM,0,1
724,2407,templo,iglesia,CORRECT,AM,0,0
725,2408,templo,iglesia,CORRECT,AM,0,0
726,2409,templo,templo,CORRECT,AM,0,1
727,2410,templo,iglesia,CORRECT,AM,0,0
728,2411,templo,templo,CORRECT,AM,0,1
729,2412,templo,templo,CORRECT,AM,0,1
730,2413,templo,templo,CORRECT,AM,0,1
731,2414,templo,iglesia,CORRECT,AM,0,0
732,2419,templo,iglesia,CORRECT,AM,0,0
733,2420,templo,iglesia,CORRECT,AM,0,0
734,2421,templo,iglesia,CORRECT,AM,0,0
735,2424,templo,iglesia,CORRECT,AM,0,0
736,2426,templo,iglesia,CORRECT,AM,0,0
737,2427,templo,templo,CORRECT,AM,0,1
738,2428,templo,iglesia,CORRECT,AM,0,0
739,2429,templo,iglesia,CORRECT,AM,0,0
740,2430,templo,templo,CORRECT,AM,0,1
741,2431,templo,templo,CORRECT,AM,0,1
742,2432,templo,iglesia,CORRECT,AM,0,0
743,2433,templo,iglesia,CORRECT,AM,0,0
744,2434,templo,iglesia,CORRECT,AM,0,0
745,2435,templo,iglesia,CORRECT,AM,0,0
746,2436,templo,iglesia,CORRECT,AM,0,0
747,2438,templo,iglesia,CORRECT,AM,0,0
748,2440,templo,templo,CORRECT,AM,0,1
749,2441,templo,templo,CORRECT,AM,0,1
750,2442,templo,templo,CORRECT,AM,0,1
751,2443,templo,iglesia ,CORRECT,AM,0,0
752,2444,templo,templo,CORRECT,AM,0,1
753,2445,templo,templo,CORRECT,AM,0,1
754,2447,templo,iglesia,CORRECT,AM,0,0
755,2448,templo,iglesia,CORRECT,AM,0,0
756,149,arma,revolver,CORRECT,SM,0,0
757,149,banera,tina,CORRECT,SM,19,0
758,149,barriga,panza,CORRECT,SM,0,0
759,149,boligrafo,lapicero,CORRECT,SM,4,0
760,149,bombilla,foco,CORRECT,SM,1,0
761,149,cigarrillo,cigarro,CORRECT,SM,0,0
762,149,emparedado,sandwich,CORRECT,SM,0,0
763,149,gafas,lentes,CORRECT,SM,0,0
764,149,liebre,liebre,CORRECT,SM,0,1
765,149,mani,cacahuate,CORRECT,SM,0,0
766,149,medico,doctor,CORRECT,SM,15,0
767,149,melocoton,durazno,CORRECT,SM,0,0
768,149,motocicleta,motocicleta,CORRECT,SM,20,1
769,149,movil,telefono inteligente,CORRECT,SM,0,0
770,149,patata,papa,CORRECT,SM,0,0
771,149,pelota,balon,CORRECT,SM,19,0
772,149,roedor,raton,CORRECT,SM,0,0
773,149,sapo,rana,CORRECT,SM,10,0
774,149,sudadera,sueter,CORRECT,SM,0,0
775,149,templo,iglesia,CORRECT,SM,0,0
776,150,arma,arma,CORRECT,SM,0,1
777,150,banera,banera ,CORRECT,SM,19,0
778,150,barriga,barriga ,CORRECT,SM,0,0
779,150,boligrafo,boligrafo ,CORRECT,SM,4,0
780,150,bombilla,bombilla ,CORRECT,SM,1,0
781,150,cigarrillo,cigarillo ,CORRECT,SM,0,0
782,150,emparedado,emparedado ,CORRECT,SM,0,0
783,150,gafas,gafas,CORRECT,SM,0,1
784,150,liebre,liebre ,CORRECT,SM,0,0
785,150,mani,mani ,CORRECT,SM,0,0
786,150,medico,medico ,CORRECT,SM,15,0
787,150,melocoton,melocoton ,INCORRECT,SM,0,0
788,150,motocicleta,motocicleta ,CORRECT,SM,20,0
789,150,movil,movil,CORRECT,SM,0,1
790,150,patata,patata,CORRECT,SM,0,1
791,150,pelota,balon ,CORRECT,SM,19,0
792,150,roedor,roedor,CORRECT,SM,0,1
793,150,sapo,sapo,CORRECT,SM,10,1
794,150,sudadera,sudadera ,CORRECT,SM,0,0
795,150,templo,templo ,CORRECT,SM,0,0
796,151,arma,pistola,CORRECT,SM,0,0
797,151,banera,tina,CORRECT,SM,19,0
798,151,barriga,panza normal,CORRECT,SM,0,0
799,151,boligrafo,pluma,CORRECT,SM,4,0
800,151,bombilla,foco,CORRECT,SM,1,0
801,151,cigarrillo,cigarrillo,CORRECT,SM,0,1
802,151,emparedado,sandwich,CORRECT,SM,0,0
803,151,gafas,lentes,CORRECT,SM,0,0
804,151,liebre,conejo,CORRECT,SM,0,0
805,151,mani,cacahuate,CORRECT,SM,0,0
806,151,medico,doctor,CORRECT,SM,15,0
807,151,melocoton,durazno,CORRECT,SM,0,0
808,151,motocicleta,moto,CORRECT,SM,20,0
809,151,movil,telefono,CORRECT,SM,0,0
810,151,patata,papa,CORRECT,SM,0,0
811,151,pelota,balon,CORRECT,SM,19,0
812,151,roedor,raton,CORRECT,SM,0,0
813,151,sapo,sapo,CORRECT,SM,10,1
814,151,sudadera,sueter,CORRECT,SM,0,0
815,151,templo,templo,CORRECT,SM,0,1
816,152,arma,pistola,CORRECT,SM,0,0
817,152,banera,banera,CORRECT,SM,19,1
818,152,barriga,barriga,CORRECT,SM,0,1
819,152,boligrafo,boligrafo,CORRECT,SM,4,1
820,152,bombilla,bombilla,CORRECT,SM,1,1
821,152,cigarrillo,cigarrillo,CORRECT,SM,0,1
822,152,emparedado,emparedado,CORRECT,SM,0,1
823,152,gafas,gafas,CORRECT,SM,0,1
824,152,liebre,liebre,CORRECT,SM,0,1
825,152,mani,mani,CORRECT,SM,0,1
826,152,medico,medico,CORRECT,SM,15,1
827,152,melocoton,melocoton,CORRECT,SM,0,1
828,152,motocicleta,motocicleta,CORRECT,SM,20,1
829,152,movil,movil,CORRECT,SM,0,1
830,152,patata,patata,CORRECT,SM,0,1
831,152,pelota,pelota,CORRECT,SM,19,1
832,152,roedor,roedor,CORRECT,SM,0,1
833,152,sapo,sapo,CORRECT,SM,10,1
834,152,sudadera,sudadera,CORRECT,SM,0,1
835,152,templo,templo,CORRECT,SM,0,1
836,153,arma,pistola,CORRECT,SM,0,0
837,153,banera,tina,CORRECT,SM,19,0
838,153,barriga,panza,CORRECT,SM,0,0
839,153,boligrafo,pluma,CORRECT,SM,4,0
840,153,bombilla,foco,CORRECT,SM,1,0
841,153,cigarrillo,cigarro,CORRECT,SM,0,0
842,153,emparedado,sandwich,CORRECT,SM,0,0
843,153,gafas,lentes,CORRECT,SM,0,0
844,153,liebre,liebre,CORRECT,SM,0,1
845,153,mani,cacahuate,CORRECT,SM,0,0
846,153,medico,doctor,CORRECT,SM,15,0
847,153,melocoton,durazno,CORRECT,SM,0,0
848,153,motocicleta,moto,CORRECT,SM,20,0
849,153,movil,celular,CORRECT,SM,0,0
850,153,patata,papa,CORRECT,SM,0,0
851,153,pelota,balón,CORRECT,SM,19,0
852,153,roedor,raton,CORRECT,SM,0,0
853,153,sapo,rana,CORRECT,SM,10,0
854,153,sudadera,sueter,CORRECT,SM,0,0
855,153,templo,iglesia,CORRECT,SM,0,0
856,154,arma,arma,CORRECT,SM,0,1
857,154,banera,banera,CORRECT,SM,19,1
858,154,barriga,barriga,CORRECT,SM,0,1
859,154,boligrafo,boligrafo,CORRECT,SM,4,1
860,154,bombilla,lampara,CORRECT,SM,1,0
861,154,cigarrillo,cigarrillo,CORRECT,SM,0,1
862,154,emparedado,emparedado,CORRECT,SM,0,1
863,154,gafas,gafas,CORRECT,SM,0,1
864,154,liebre,liebre,CORRECT,SM,0,1
865,154,mani,mani,CORRECT,SM,0,1
866,154,medico,medico,CORRECT,SM,15,1
867,154,melocoton,melocoton,CORRECT,SM,0,1
868,154,motocicleta,motocicleta,CORRECT,SM,20,1
869,154,movil,movil,CORRECT,SM,0,1
870,154,patata,patata,CORRECT,SM,0,1
871,154,pelota,pelota,CORRECT,SM,19,1
872,154,roedor,roedor,CORRECT,SM,0,1
873,154,sapo,sapo,CORRECT,SM,10,1
874,154,sudadera,sudadera,CORRECT,SM,0,1
875,154,templo,templo,CORRECT,SM,0,1
876,155,arma,pistola,CORRECT,SM,0,0
877,155,banera,banera,CORRECT,SM,19,1
878,155,barriga,pansa,CORRECT,SM,0,0
879,155,boligrafo,boligrafo,CORRECT,SM,4,1
880,155,bombilla,bombilla,CORRECT,SM,1,1
881,155,cigarrillo,cigarrillo,CORRECT,SM,0,1
882,155,emparedado,emparedado,CORRECT,SM,0,1
883,155,gafas,lentes,CORRECT,SM,0,0
884,155,liebre,liebre,CORRECT,SM,0,1
885,155,mani,mani,CORRECT,SM,0,1
886,155,medico,doctor,CORRECT,SM,15,0
887,155,melocoton,melocoton,CORRECT,SM,0,1
888,155,motocicleta,motocicleta,CORRECT,SM,20,1
889,155,movil,movil,CORRECT,SM,0,1
890,155,patata,patata,CORRECT,SM,0,1
891,155,pelota,pelota,CORRECT,SM,19,1
892,155,roedor,roedor,CORRECT,SM,0,1
893,155,sapo,rana,CORRECT,SM,10,0
894,155,sudadera,sweter,CORRECT,SM,0,0
895,155,templo,templo,CORRECT,SM,0,1
896,156,arma,pistola,CORRECT,SM,0,0
897,156,banera,banera,CORRECT,SM,19,1
898,156,barriga,barriga,CORRECT,SM,0,1
899,156,boligrafo,pluma,CORRECT,SM,4,0
900,156,bombilla,foco,CORRECT,SM,1,0
901,156,cigarrillo,cigarro,CORRECT,SM,0,0
902,156,emparedado,sandwich,CORRECT,SM,0,0
903,156,gafas,lentes,CORRECT,SM,0,0
904,156,liebre,liebre,CORRECT,SM,0,1
905,156,mani,cacahuate,CORRECT,SM,0,0
906,156,medico,doctor,CORRECT,SM,15,0
907,156,melocoton,durazno,CORRECT,SM,0,0
908,156,motocicleta,motocicleta,CORRECT,SM,20,1
909,156,movil,celular,CORRECT,SM,0,0
910,156,patata,papa,CORRECT,SM,0,0
911,156,pelota,pelota,CORRECT,SM,19,1
912,156,roedor,ratón,CORRECT,SM,0,0
913,156,sapo,sapo,CORRECT,SM,10,1
914,156,sudadera,sueter,CORRECT,SM,0,0
915,156,templo,iglesia,CORRECT,SM,0,0
916,157,arma,pistola,CORRECT,SM,0,0
917,157,banera,banera,CORRECT,SM,19,1
918,157,barriga,barriga,CORRECT,SM,0,1
919,157,boligrafo,pluma,CORRECT,SM,4,0
920,157,bombilla,bomilla,CORRECT,SM,1,0
921,157,cigarrillo,cigarro,CORRECT,SM,0,0
922,157,emparedado,emparedado,CORRECT,SM,0,1
923,157,gafas,lentes,CORRECT,SM,0,0
924,157,liebre,liebre ,CORRECT,SM,0,0
925,157,mani,cacahuate ,CORRECT,SM,0,0
926,157,medico,medico,CORRECT,SM,15,1
927,157,melocoton,melocoton,CORRECT,SM,0,1
928,157,motocicleta,motocicleta,CORRECT,SM,20,1
929,157,movil,movil,CORRECT,SM,0,1
930,157,patata,papa,CORRECT,SM,0,0
931,157,pelota,pelota,CORRECT,SM,19,1
932,157,roedor,ratón,CORRECT,SM,0,0
933,157,sapo,sapo,CORRECT,SM,10,1
934,157,sudadera,sweater,CORRECT,SM,0,0
935,157,templo,iglesia,CORRECT,SM,0,0
936,158,arma,pistola,CORRECT,SM,0,0
937,158,banera,banera,CORRECT,SM,19,1
938,158,barriga,barriga,CORRECT,SM,0,1
939,158,boligrafo,pluma,CORRECT,SM,4,0
940,158,bombilla,bombilla,CORRECT,SM,1,1
941,158,cigarrillo,cigarro,CORRECT,SM,0,0
942,158,emparedado,sandwich,CORRECT,SM,0,0
943,158,gafas,gafas,CORRECT,SM,0,1
944,158,liebre,liebre,CORRECT,SM,0,1
945,158,mani,mani,CORRECT,SM,0,1
946,158,medico,medico,CORRECT,SM,15,1
947,158,melocoton,melocoton,CORRECT,SM,0,1
948,158,motocicleta,moto,CORRECT,SM,20,0
949,158,movil,celular,CORRECT,SM,0,0
950,158,patata,patata,CORRECT,SM,0,1
951,158,pelota,balon,CORRECT,SM,19,0
952,158,roedor,raton,CORRECT,SM,0,0
953,158,sapo,sapo,CORRECT,SM,10,1
954,158,sudadera,sudadera,CORRECT,SM,0,1
955,158,templo,templo,CORRECT,SM,0,1
956,159,arma,pistola,CORRECT,SM,0,0
957,159,banera,banera,CORRECT,SM,19,1
958,159,barriga,panza,CORRECT,SM,0,0
959,159,boligrafo,pluma,CORRECT,SM,4,0
960,159,bombilla,foco,CORRECT,SM,1,0
961,159,cigarrillo,cigarro ,CORRECT,SM,0,0
962,159,emparedado,emparedado ,CORRECT,SM,0,0
963,159,gafas,lentes,CORRECT,SM,0,0
964,159,liebre,conejo ,CORRECT,SM,0,0
965,159,mani,cacahuate ,CORRECT,SM,0,0
966,159,medico,doctor,CORRECT,SM,15,0
967,159,melocoton,melocoton ,CORRECT,SM,0,0
968,159,motocicleta,moto,CORRECT,SM,20,0
969,159,movil,celular,CORRECT,SM,0,0
970,159,patata,patata ,CORRECT,SM,0,0
971,159,pelota,balón,CORRECT,SM,19,0
972,159,roedor,ratón,CORRECT,SM,0,0
973,159,sapo,sapo,CORRECT,SM,10,1
974,159,sudadera,suéter ,CORRECT,SM,0,0
975,159,templo,iglesia,CORRECT,SM,0,0
976,160,arma,arma,CORRECT,SM,0,1
977,160,banera,banera,CORRECT,SM,19,1
978,160,barriga,barriga,CORRECT,SM,0,1
979,160,boligrafo,boligrafo,CORRECT,SM,4,1
980,160,bombilla,bombilla,CORRECT,SM,1,1
982,160,emparedado,emparedado,CORRECT,SM,0,1
983,160,gafas,gafas,CORRECT,SM,0,1
984,160,liebre,liebre,CORRECT,SM,0,1
985,160,mani,mani,CORRECT,SM,0,1
986,160,medico,medico,CORRECT,SM,15,1
987,160,melocoton,melocoton,CORRECT,SM,0,1
988,160,motocicleta,motocicleta,CORRECT,SM,20,1
989,160,movil,movil,CORRECT,SM,0,1
990,160,patata,papa,CORRECT,SM,0,0
991,160,pelota,pelota,CORRECT,SM,19,1
992,160,roedor,roedor,CORRECT,SM,0,1
993,160,sapo,sapo,CORRECT,SM,10,1
994,160,sudadera,sudadera,CORRECT,SM,0,1
995,160,templo,templo,CORRECT,SM,0,1
996,161,arma,pistola,CORRECT,SM,0,0
997,161,banera,banera,CORRECT,SM,19,1
998,161,barriga,barriga,CORRECT,SM,0,1
999,161,boligrafo,boligrafo,CORRECT,SM,4,1
1000,161,bombilla,bombilla,CORRECT,SM,1,1
1001,161,cigarrillo,cigarillo,CORRECT,SM,0,0
1002,161,emparedado,emparedado,CORRECT,SM,0,1
1003,161,gafas,lentes,CORRECT,SM,0,0
1004,161,liebre,liebre,CORRECT,SM,0,1
1005,161,mani,mani,CORRECT,SM,0,1
1006,161,medico,medico,CORRECT,SM,15,1
1007,161,melocoton,melocoton,CORRECT,SM,0,1
1008,161,motocicleta,motocicleta,CORRECT,SM,20,1
1009,161,movil,movil,CORRECT,SM,0,1
1010,161,patata,patata,CORRECT,SM,0,1
1011,161,pelota,balon,CORRECT,SM,19,0
1012,161,roedor,roedor,CORRECT,SM,0,1
1013,161,sapo,sapo,CORRECT,SM,10,1
1014,161,sudadera,sudadera,CORRECT,SM,0,1
1015,161,templo,templo,CORRECT,SM,0,1
1016,162,arma,arma,CORRECT,SM,0,1
1017,162,banera,banera,CORRECT,SM,19,1
1018,162,barriga,panza,CORRECT,SM,0,0
1019,162,boligrafo,boligrafo,CORRECT,SM,4,1
1020,162,bombilla,bombilla,CORRECT,SM,1,1
1021,162,cigarrillo,cigarro,CORRECT,SM,0,0
1022,162,emparedado,emparedado,CORRECT,SM,0,1
1023,162,gafas,gafas,CORRECT,SM,0,1
1024,162,liebre,liebre,CORRECT,SM,0,1
1025,162,mani,mani,CORRECT,SM,0,1
1026,162,medico,medico,CORRECT,SM,15,1
1027,162,melocoton,melocoton,CORRECT,SM,0,1
1028,162,motocicleta,motocicleta,CORRECT,SM,20,1
1029,162,movil,movil,CORRECT,SM,0,1
1030,162,patata,patata,CORRECT,SM,0,1
1031,162,pelota,balon,CORRECT,SM,19,0
1032,162,roedor,roedor,CORRECT,SM,0,1
1033,162,sapo,rana,CORRECT,SM,10,0
1034,162,sudadera,sudadera,CORRECT,SM,0,1
1035,162,templo,templo,CORRECT,SM,0,1
1036,163,arma,pistola,CORRECT,SM,0,0
1037,163,banera,tina,CORRECT,SM,19,0
1038,163,barriga,panza,CORRECT,SM,0,0
1039,163,boligrafo,pluma,CORRECT,SM,4,0
1040,163,bombilla,foco,CORRECT,SM,1,0
1041,163,cigarrillo,cigarro,CORRECT,SM,0,0
1042,163,emparedado,sándwich,CORRECT,SM,0,0
1043,163,gafas,lentes,CORRECT,SM,0,0
1044,163,liebre,conejo,CORRECT,SM,0,0
1045,163,mani,cacahuate,CORRECT,SM,0,0
1046,163,medico,medico,CORRECT,SM,15,1
1047,163,melocoton,durazno,CORRECT,SM,0,0
1048,163,motocicleta,moto,CORRECT,SM,20,0
1049,163,movil,celular,CORRECT,SM,0,0
1050,163,patata,papa,CORRECT,SM,0,0
1051,163,pelota,balón,CORRECT,SM,19,0
1052,163,roedor,ratón,CORRECT,SM,0,0
1053,163,sapo,rana,CORRECT,SM,10,0
1054,163,sudadera,suéter,CORRECT,SM,0,0
1055,163,templo,iglesia,CORRECT,SM,0,0
1056,164,arma,arma,CORRECT,SM,0,1
1057,164,banera,banera,CORRECT,SM,19,1
1058,164,barriga,barriga,CORRECT,SM,0,1
1059,164,boligrafo,pluma,CORRECT,SM,4,0
1060,164,bombilla,foco,CORRECT,SM,1,0
1061,164,cigarrillo,cigarrillo,CORRECT,SM,0,1
1062,164,emparedado,emparedado,CORRECT,SM,0,1
1063,164,gafas,lentes,CORRECT,SM,0,0
1064,164,liebre,liebre,CORRECT,SM,0,1
1065,164,mani,mani,CORRECT,SM,0,1
1066,164,medico,doctor,CORRECT,SM,15,0
1067,164,melocoton,melocoton,CORRECT,SM,0,1
1068,164,motocicleta,motocicleta,CORRECT,SM,20,1
1069,164,movil,movil,CORRECT,SM,0,1
1070,164,patata,patata,CORRECT,SM,0,1
1071,164,pelota,balon,CORRECT,SM,19,0
1072,164,roedor,rata,CORRECT,SM,0,0
1073,164,sapo,sapo,CORRECT,SM,10,1
1074,164,sudadera,sudadera,CORRECT,SM,0,1
1075,164,templo,templo,CORRECT,SM,0,1
1076,165,arma,arma,CORRECT,SM,0,1
1077,165,banera,banera,CORRECT,SM,19,1
1078,165,barriga,barriga,CORRECT,SM,0,1
1079,165,boligrafo,boligrafo,CORRECT,SM,4,1
1080,165,bombilla,bombilla,CORRECT,SM,1,1
1081,165,cigarrillo,cigarro,CORRECT,SM,0,0
1082,165,emparedado,emparedado,CORRECT,SM,0,1
1083,165,gafas,anteojos,CORRECT,SM,0,0
1084,165,liebre,conejo,CORRECT,SM,0,0
1085,165,mani,mani,CORRECT,SM,0,1
1086,165,medico,medico,CORRECT,SM,15,1
1087,165,melocoton,melocoton,CORRECT,SM,0,1
1088,165,motocicleta,motocicleta,CORRECT,SM,20,1
1089,165,movil,movil,CORRECT,SM,0,1
1090,165,patata,patata,CORRECT,SM,0,1
1091,165,pelota,pelota,CORRECT,SM,19,1
1092,165,roedor,roedor,CORRECT,SM,0,1
1093,165,sapo,sapo,CORRECT,SM,10,1
1094,165,sudadera,sudadera,CORRECT,SM,0,1
1095,165,templo,templo,CORRECT,SM,0,1
1096,166,arma,arma,CORRECT,SM,0,1
1097,166,banera,banera,CORRECT,SM,19,1
1098,166,barriga,barriga,CORRECT,SM,0,1
1099,166,boligrafo,boligrafo,CORRECT,SM,4,1
1100,166,bombilla,bombilla,CORRECT,SM,1,1
1101,166,cigarrillo,cigarrillo,CORRECT,SM,0,1
1102,166,emparedado,emparedado,CORRECT,SM,0,1
1103,166,gafas,gafas,CORRECT,SM,0,1
1104,166,liebre,liebre,CORRECT,SM,0,1
1105,166,mani,mani,CORRECT,SM,0,1
1106,166,medico,medico,CORRECT,SM,15,1
1107,166,melocoton,melocoton,CORRECT,SM,0,1
1108,166,motocicleta,moto,CORRECT,SM,20,0
1109,166,movil,movil,CORRECT,SM,0,1
1110,166,patata,papa,CORRECT,SM,0,0
1111,166,pelota,pelota,CORRECT,SM,19,1
1112,166,roedor,roedor,CORRECT,SM,0,1
1113,166,sapo,sapo,CORRECT,SM,10,1
1114,166,sudadera,sudadera,CORRECT,SM,0,1
1115,166,templo,templo,CORRECT,SM,0,1
1116,167,arma,arma,CORRECT,SM,0,1
1117,167,banera,banera,CORRECT,SM,19,1
1118,167,barriga,barriga,CORRECT,SM,0,1
1119,167,boligrafo,boligrafo,CORRECT,SM,4,1
1120,167,bombilla,foco,CORRECT,SM,1,0
1121,167,cigarrillo,cigarrillo,CORRECT,SM,0,1
1122,167,emparedado,sandwich,CORRECT,SM,0,0
1123,167,gafas,gafas,CORRECT,SM,0,1
1124,167,liebre,liebre,CORRECT,SM,0,1
1125,167,mani,mani,CORRECT,SM,0,1
1126,167,medico,medico,CORRECT,SM,15,1
1127,167,melocoton,melocoton,CORRECT,SM,0,1
1128,167,motocicleta,motocicleta,CORRECT,SM,20,1
1129,167,movil,celular,CORRECT,SM,0,0
1130,167,patata,patata,CORRECT,SM,0,1
1131,167,pelota,pelota,CORRECT,SM,19,1
1132,167,roedor,roedor,CORRECT,SM,0,1
1133,167,sapo,sapo,CORRECT,SM,10,1
1134,167,sudadera,sudadera,CORRECT,SM,0,1
1135,167,templo,iglesia,CORRECT,SM,0,0
1136,168,arma,arma,CORRECT,SM,0,1
1137,168,banera,banera,CORRECT,SM,19,1
1138,168,barriga,barriga,CORRECT,SM,0,1
1139,168,boligrafo,boligrafo,CORRECT,SM,4,1
1140,168,bombilla,bombilla,CORRECT,SM,1,1
1141,168,cigarrillo,cigarrillo,CORRECT,SM,0,1
1142,168,emparedado,emparedado,CORRECT,SM,0,1
1143,168,gafas,gafas,CORRECT,SM,0,1
1144,168,liebre,liebre,CORRECT,SM,0,1
1145,168,mani,mani,CORRECT,SM,0,1
1146,168,medico,medico,CORRECT,SM,15,1
1147,168,melocoton,melocoton,CORRECT,SM,0,1
1148,168,motocicleta,motocicleta,CORRECT,SM,20,1
1149,168,movil,movil,CORRECT,SM,0,1
1150,168,patata,patata,CORRECT,SM,0,1
1151,168,pelota,pelota,CORRECT,SM,19,1
1152,168,roedor,roedor,CORRECT,SM,0,1
1153,168,sapo,sapo,CORRECT,SM,10,1
1154,168,sudadera,sudadera,CORRECT,SM,0,1
1155,168,templo,templo,CORRECT,SM,0,1
1156,169,arma,pistola,CORRECT,SM,0,0
1157,169,banera,banera,CORRECT,SM,19,1
1158,169,barriga,barriga,CORRECT,SM,0,1
1159,169,boligrafo,boligrafo,CORRECT,SM,4,1
1160,169,bombilla,bombilla,CORRECT,SM,1,1
1161,169,cigarrillo,cigarrillo,CORRECT,SM,0,1
1162,169,emparedado,emparedado,CORRECT,SM,0,1
1163,169,gafas,gafas,CORRECT,SM,0,1
1164,169,liebre,liebre,CORRECT,SM,0,1
1165,169,mani,mani,CORRECT,SM,0,1
1166,169,medico,doctor,CORRECT,SM,15,0
1167,169,melocoton,melocoton,CORRECT,SM,0,1
1168,169,motocicleta,motocicleta,CORRECT,SM,20,1
1169,169,movil,movil,CORRECT,SM,0,1
1170,169,patata,patata,CORRECT,SM,0,1
1171,169,pelota,pelota,CORRECT,SM,19,1
1172,169,roedor,roedor,CORRECT,SM,0,1
1173,169,sapo,sapo,CORRECT,SM,10,1
1174,169,sudadera,sudadera,CORRECT,SM,0,1
1175,169,templo,templo,CORRECT,SM,0,1
1176,170,arma,pistola,CORRECT,SM,0,0
1177,170,banera,banera,CORRECT,SM,19,1
1178,170,barriga,panza,CORRECT,SM,0,0
1179,170,boligrafo,pluma,CORRECT,SM,4,0
1180,170,bombilla,foco,CORRECT,SM,1,0
1181,170,cigarrillo,cigarro,CORRECT,SM,0,0
1182,170,emparedado,sandwich,CORRECT,SM,0,0
1183,170,gafas,gafas,CORRECT,SM,0,1
1184,170,liebre,conejo,CORRECT,SM,0,0
1185,170,mani,cacahuate,CORRECT,SM,0,0
1186,170,medico,medico,CORRECT,SM,15,1
1187,170,melocoton,durazno,CORRECT,SM,0,0
1188,170,motocicleta,motocicleta,CORRECT,SM,20,1
1189,170,movil,celular,CORRECT,SM,0,0
1190,170,patata,papa,CORRECT,SM,0,0
1191,170,pelota,balon,CORRECT,SM,19,0
1192,170,roedor,raton,CORRECT,SM,0,0
1194,170,sudadera,sueter,CORRECT,SM,0,0
1195,170,templo,templo,CORRECT,SM,0,1
1196,173,arma,pistola,CORRECT,SM,0,0
1197,173,banera,banera,CORRECT,SM,19,1
1198,173,barriga,panza,CORRECT,SM,0,0
1199,173,boligrafo,pluma,CORRECT,SM,4,0
1200,173,bombilla,foco,CORRECT,SM,1,0
1201,173,cigarrillo,cigarro,CORRECT,SM,0,0
1202,173,emparedado,sandwich,CORRECT,SM,0,0
1203,173,gafas,lentes,CORRECT,SM,0,0
1204,173,liebre,liebre,CORRECT,SM,0,1
1205,173,mani,cacahuate,CORRECT,SM,0,0
1206,173,medico,doctor,CORRECT,SM,15,0
1207,173,melocoton,durazno,CORRECT,SM,0,0
1208,173,motocicleta,moto,CORRECT,SM,20,0
1209,173,movil,celular,CORRECT,SM,0,0
1210,173,patata,papa,CORRECT,SM,0,0
1211,173,pelota,pelota,CORRECT,SM,19,1
1212,173,roedor,raton,CORRECT,SM,0,0
1213,173,sapo,sapo,CORRECT,SM,10,1
1214,173,sudadera,sudadera,CORRECT,SM,0,1
1215,173,templo,templo,CORRECT,SM,0,1
1216,174,arma,arma,CORRECT,SM,0,1
1217,174,banera,banera,CORRECT,SM,19,1
1218,174,barriga,barriga,CORRECT,SM,0,1
1219,174,boligrafo,boligrafo,CORRECT,SM,4,1
1220,174,bombilla,bombilla,CORRECT,SM,1,1
1221,174,cigarrillo,cigarro,CORRECT,SM,0,0
1222,174,emparedado,sandwich,CORRECT,SM,0,0
1223,174,gafas,lentes,CORRECT,SM,0,0
1224,174,liebre,conejo,CORRECT,SM,0,0
1225,174,mani,cacahuate,CORRECT,SM,0,0
1226,174,medico,medico,CORRECT,SM,15,1
1227,174,melocoton,melocoton,CORRECT,SM,0,1
1228,174,motocicleta,motocicleta,CORRECT,SM,20,1
1229,174,movil,celular,CORRECT,SM,0,0
1230,174,patata,patata,CORRECT,SM,0,1
1231,174,pelota,pelota,CORRECT,SM,19,1
1232,174,roedor,raton,CORRECT,SM,0,0
1233,174,sapo,sapo,CORRECT,SM,10,1
1234,174,sudadera,sueter,CORRECT,SM,0,0
1235,174,templo,templo,CORRECT,SM,0,1
1236,175,arma,pistola,CORRECT,SM,0,0
1237,175,banera,banera,CORRECT,SM,19,1
1238,175,barriga,panza,CORRECT,SM,0,0
1239,175,boligrafo,pluma,CORRECT,SM,4,0
1240,175,bombilla,bombilla,CORRECT,SM,1,1
1241,175,cigarrillo,cigarro,CORRECT,SM,0,0
1242,175,emparedado,sándwich,CORRECT,SM,0,0
1243,175,gafas,lentes,CORRECT,SM,0,0
1244,175,liebre,conejo,CORRECT,SM,0,0
1245,175,mani,cacahuate,CORRECT,SM,0,0
1246,175,medico,medico,CORRECT,SM,15,1
1247,175,melocoton,durazno,CORRECT,SM,0,0
1248,175,motocicleta,moto,CORRECT,SM,20,0
1249,175,movil,celular,CORRECT,SM,0,0
1250,175,patata,papa,CORRECT,SM,0,0
1251,175,pelota,balón,CORRECT,SM,19,0
1252,175,roedor,ratón,CORRECT,SM,0,0
1253,175,sapo,sapo,CORRECT,SM,10,1
1254,175,sudadera,suéter,CORRECT,SM,0,0
1255,175,templo,iglesia,CORRECT,SM,0,0
1256,176,arma,arma,CORRECT,SM,0,1
1257,176,banera,banera,CORRECT,SM,19,1
1258,176,barriga,barriga,CORRECT,SM,0,1
1259,176,boligrafo,boligrafo,CORRECT,SM,4,1
1261,176,cigarrillo,cigarrillo,CORRECT,SM,0,1
1262,176,emparedado,emparedado,CORRECT,SM,0,1
1263,176,gafas,lentes,CORRECT,SM,0,0
1264,176,liebre,liebre,CORRECT,SM,0,1
1265,176,mani,mani,CORRECT,SM,0,1
1266,176,medico,medico,CORRECT,SM,15,1
1267,176,melocoton,melocoton,CORRECT,SM,0,1
1268,176,motocicleta,motocicleta,CORRECT,SM,20,1
1269,176,movil,teléfono,CORRECT,SM,0,0
1270,176,patata,patata,CORRECT,SM,0,1
1271,176,pelota,pelota,CORRECT,SM,19,1
1272,176,roedor,roedor,CORRECT,SM,0,1
1273,176,sapo,sapo,CORRECT,SM,10,1
1274,176,sudadera,sudadera,CORRECT,SM,0,1
1275,176,templo,iglesia,CORRECT,SM,0,0
1276,177,arma,pistola,CORRECT,SM,0,0
1277,177,banera,tina,CORRECT,SM,19,0
1278,177,barriga,panza,CORRECT,SM,0,0
1279,177,boligrafo,pluma,CORRECT,SM,4,0
1280,177,bombilla,foco,CORRECT,SM,1,0
1281,177,cigarrillo,cigarro,CORRECT,SM,0,0
1282,177,emparedado,sandwich,CORRECT,SM,0,0
1283,177,gafas,lentes,CORRECT,SM,0,0
1284,177,liebre,conejo,CORRECT,SM,0,0
1285,177,mani,cacahuate,CORRECT,SM,0,0
1286,177,medico,medico,CORRECT,SM,15,1
1287,177,melocoton,durazno,CORRECT,SM,0,0
1288,177,motocicleta,motocicleta,CORRECT,SM,20,1
1289,177,movil,celular,CORRECT,SM,0,0
1290,177,patata,papa,CORRECT,SM,0,0
1291,177,pelota,balon,CORRECT,SM,19,0
1292,177,roedor,ratón,CORRECT,SM,0,0
1293,177,sapo,sapo,CORRECT,SM,10,1
1294,177,sudadera,sudadera,CORRECT,SM,0,1
1295,177,templo,templo,CORRECT,SM,0,1
1296,178,arma,arma,CORRECT,SM,0,1
1297,178,banera,banera,CORRECT,SM,19,1
1298,178,barriga,barriga,CORRECT,SM,0,1
1299,178,boligrafo,boligrafo,CORRECT,SM,4,1
1300,178,bombilla,bombilla,CORRECT,SM,1,1
1301,178,cigarrillo,cigarrillo,CORRECT,SM,0,1
1302,178,emparedado,emparedado,CORRECT,SM,0,1
1303,178,gafas,gafas,CORRECT,SM,0,1
1304,178,liebre,liebre,CORRECT,SM,0,1
1305,178,mani,mani,CORRECT,SM,0,1
1306,178,medico,medico,CORRECT,SM,15,1
1307,178,melocoton,melocoton,CORRECT,SM,0,1
1308,178,motocicleta,motocicleta,CORRECT,SM,20,1
1309,178,movil,movil,CORRECT,SM,0,1
1310,178,patata,patata,CORRECT,SM,0,1
1311,178,pelota,pelota,CORRECT,SM,19,1
1312,178,roedor,roedor,CORRECT,SM,0,1
1313,178,sapo,sapo,CORRECT,SM,10,1
1314,178,sudadera,sudadera,CORRECT,SM,0,1
1315,178,templo,templo,CORRECT,SM,0,1
1316,179,arma,pistola ,CORRECT,SM,0,0
1317,179,banera,tina,CORRECT,SM,19,0
1318,179,barriga,panza ,CORRECT,SM,0,0
1319,179,boligrafo,pluma ,CORRECT,SM,4,0
1320,179,bombilla,foco,CORRECT,SM,1,0
1321,179,cigarrillo,cigarro ,CORRECT,SM,0,0
1322,179,emparedado,lonche ,CORRECT,SM,0,0
1323,179,gafas,lentes ,CORRECT,SM,0,0
1324,179,liebre,liebre ,CORRECT,SM,0,0
1325,179,mani,cacahuate,CORRECT,SM,0,0
1326,179,medico,medico ,CORRECT,SM,15,0
1327,179,melocoton,durazno ,CORRECT,SM,0,0
1328,179,motocicleta,moto,CORRECT,SM,20,0
1329,179,movil,celular ,CORRECT,SM,0,0
1330,179,patata,papa,CORRECT,SM,0,0
1331,179,pelota,pelota,CORRECT,SM,19,1
1332,179,roedor,ratón ,CORRECT,SM,0,0
1333,179,sapo,sapo,CORRECT,SM,10,1
1334,179,sudadera,sueter,CORRECT,SM,0,0
1335,179,templo,templo ,CORRECT,SM,0,0
1336,181,arma,pistola,CORRECT,SM,0,0
1337,181,banera,tina,CORRECT,SM,19,0
1338,181,barriga,panza,CORRECT,SM,0,0
1339,181,boligrafo,pluma,CORRECT,SM,4,0
1340,181,bombilla,foco,CORRECT,SM,1,0
1341,181,cigarrillo,cigarro,CORRECT,SM,0,0
1342,181,emparedado,sandwich,CORRECT,SM,0,0
1343,181,gafas,lentes,CORRECT,SM,0,0
1344,181,liebre,conejo,CORRECT,SM,0,0
1345,181,mani,cacahuate,CORRECT,SM,0,0
1346,181,medico,doctor,CORRECT,SM,15,0
1347,181,melocoton,durazno,CORRECT,SM,0,0
1348,181,motocicleta,moto,CORRECT,SM,20,0
1349,181,movil,celular,CORRECT,SM,0,0
1350,181,patata,papa,CORRECT,SM,0,0
1351,181,pelota,balón,CORRECT,SM,19,0
1352,181,roedor,ratón,CORRECT,SM,0,0
1353,181,sapo,sapo,CORRECT,SM,10,1
1354,181,sudadera,sudadera,CORRECT,SM,0,1
1355,181,templo,iglesia,CORRECT,SM,0,0
1356,182,arma,arma,CORRECT,SM,0,1
1357,182,banera,banera,CORRECT,SM,19,1
1358,182,barriga,barriga,CORRECT,SM,0,1
1359,182,boligrafo,pluma,CORRECT,SM,4,0
1360,182,bombilla,bombilla,CORRECT,SM,1,1
1361,182,cigarrillo,cigarro,CORRECT,SM,0,0
1362,182,emparedado,sandwish,CORRECT,SM,0,0
1363,182,gafas,lentes,CORRECT,SM,0,0
1364,182,liebre,liebre,CORRECT,SM,0,1
1365,182,mani,cacahuate,CORRECT,SM,0,0
1366,182,medico,medico,CORRECT,SM,15,1
1367,182,melocoton,durazno,CORRECT,SM,0,0
1368,182,motocicleta,motocicleta,CORRECT,SM,20,1
1369,182,movil,celular,CORRECT,SM,0,0
1370,182,patata,papa,CORRECT,SM,0,0
1371,182,pelota,balon,CORRECT,SM,19,0
1372,182,roedor,ratón,CORRECT,SM,0,0
1373,182,sapo,sapo,CORRECT,SM,10,1
1374,182,sudadera,sueter,CORRECT,SM,0,0
1375,182,templo,iglesia,CORRECT,SM,0,0
1376,183,arma,pistola,CORRECT,SM,0,0
1377,183,banera,tina,CORRECT,SM,19,0
1378,183,barriga,panza,CORRECT,SM,0,0
1379,183,boligrafo,pluma,CORRECT,SM,4,0
1380,183,bombilla,foco,CORRECT,SM,1,0
1381,183,cigarrillo,cigarro,CORRECT,SM,0,0
1382,183,emparedado,sandwich,CORRECT,SM,0,0
1383,183,gafas,lentes,CORRECT,SM,0,0
1384,183,liebre,conejo,CORRECT,SM,0,0
1385,183,mani,cacahuate,CORRECT,SM,0,0
1386,183,medico,medico,CORRECT,SM,15,1
1387,183,melocoton,durazno,CORRECT,SM,0,0
1388,183,motocicleta,motocicleta,CORRECT,SM,20,1
1389,183,movil,celular,CORRECT,SM,0,0
1390,183,patata,papa,CORRECT,SM,0,0
1391,183,pelota,balón,CORRECT,SM,19,0
1392,183,roedor,ratón,CORRECT,SM,0,0
1393,183,sapo,rana,CORRECT,SM,10,0
1394,183,sudadera,sueter,CORRECT,SM,0,0
1395,183,templo,iglesia,CORRECT,SM,0,0
1396,184,arma,arma,CORRECT,SM,0,1
1397,184,banera,banera,CORRECT,SM,19,1
1398,184,barriga,barriga,CORRECT,SM,0,1
1399,184,boligrafo,boligrafo,CORRECT,SM,4,1
1400,184,bombilla,bombilla,CORRECT,SM,1,1
1401,184,cigarrillo,cigarrillo,CORRECT,SM,0,1
1402,184,emparedado,emparedado,CORRECT,SM,0,1
1403,184,gafas,gafas,CORRECT,SM,0,1
1404,184,liebre,liebre,CORRECT,SM,0,1
1405,184,mani,mani,CORRECT,SM,0,1
1406,184,medico,medico,CORRECT,SM,15,1
1407,184,melocoton,melocoton,CORRECT,SM,0,1
1408,184,motocicleta,motocicleta,CORRECT,SM,20,1
1409,184,movil,movil,CORRECT,SM,0,1
1410,184,patata,patata,CORRECT,SM,0,1
1411,184,pelota,pelota,CORRECT,SM,19,1
1412,184,roedor,roedor,CORRECT,SM,0,1
1413,184,sapo,sapo,CORRECT,SM,10,1
1414,184,sudadera,sudadera,CORRECT,SM,0,1
1415,184,templo,templo,CORRECT,SM,0,1
1416,186,arma,arma,CORRECT,SM,0,1
1417,186,banera,banera,CORRECT,SM,19,1
1418,186,barriga,barriga,CORRECT,SM,0,1
1419,186,boligrafo,boligrafo,CORRECT,SM,4,1
1420,186,bombilla,bombilla,CORRECT,SM,1,1
1421,186,cigarrillo,cigarrillo,CORRECT,SM,0,1
1422,186,emparedado,emparedado,CORRECT,SM,0,1
1423,186,gafas,gafas,CORRECT,SM,0,1
1424,186,liebre,liebre,CORRECT,SM,0,1
1425,186,mani,mani,CORRECT,SM,0,1
1426,186,medico,medico,CORRECT,SM,15,1
1427,186,melocoton,melocoton,CORRECT,SM,0,1
1428,186,motocicleta,motocicleta,CORRECT,SM,20,1
1429,186,movil,movil,CORRECT,SM,0,1
1430,186,patata,patata,CORRECT,SM,0,1
1431,186,pelota,balon,CORRECT,SM,19,0
1432,186,roedor,roedor,CORRECT,SM,0,1
1433,186,sapo,sapo,CORRECT,SM,10,1
1434,186,sudadera,sudadera,CORRECT,SM,0,1
1435,186,templo,templo,CORRECT,SM,0,1
1436,187,arma,pistola,CORRECT,SM,0,0
1437,187,banera,banera,CORRECT,SM,19,1
1438,187,barriga,barriga,CORRECT,SM,0,1
1439,187,boligrafo,boligrafo,CORRECT,SM,4,1
1440,187,bombilla,bombilla,CORRECT,SM,1,1
1441,187,cigarrillo,cigarrillo,CORRECT,SM,0,1
1442,187,emparedado,emparedado,CORRECT,SM,0,1
1443,187,gafas,gafas,CORRECT,SM,0,1
1444,187,liebre,conejo,CORRECT,SM,0,0
1445,187,mani,mani,CORRECT,SM,0,1
1446,187,medico,doctor,CORRECT,SM,15,0
1447,187,melocoton,melocoton,CORRECT,SM,0,1
1448,187,motocicleta,motocicleta,CORRECT,SM,20,1
1449,187,movil,movil,CORRECT,SM,0,1
1450,187,patata,patata,CORRECT,SM,0,1
1451,187,pelota,pelota,CORRECT,SM,19,1
1452,187,roedor,ratón,CORRECT,SM,0,0
1453,187,sapo,sapo,CORRECT,SM,10,1
1454,187,sudadera,sudadera,CORRECT,SM,0,1
1455,187,templo,iglesia,CORRECT,SM,0,0
1456,188,arma,arma,CORRECT,SM,0,1
1457,188,banera,banera,CORRECT,SM,19,1
1458,188,barriga,panza ,CORRECT,SM,0,0
1459,188,boligrafo,pluma,CORRECT,SM,4,0
1460,188,bombilla,bombilla,CORRECT,SM,1,1
1461,188,cigarrillo,cigarrillo,CORRECT,SM,0,1
1462,188,emparedado,emparedado,CORRECT,SM,0,1
1463,188,gafas,gafas,CORRECT,SM,0,1
1464,188,liebre,liebre,CORRECT,SM,0,1
1465,188,mani,cacahuate ,CORRECT,SM,0,0
1466,188,medico,el buen doctor,CORRECT,SM,15,0
1467,188,melocoton,melocoton ,INCORRECT,SM,0,0
1468,188,motocicleta,motocicleta ,CORRECT,SM,20,0
1469,188,movil,movil,CORRECT,SM,0,1
1470,188,patata,patata,CORRECT,SM,0,1
1471,188,pelota,pelota,CORRECT,SM,19,1
1472,188,roedor,roedor,CORRECT,SM,0,1
1473,188,sapo,sapo,CORRECT,SM,10,1
1474,188,sudadera,sueter,CORRECT,SM,0,0
1475,188,templo,templo,CORRECT,SM,0,1
1476,189,arma,revólver,CORRECT,SM,0,0
1477,189,banera,banera,CORRECT,SM,19,1
1478,189,barriga,barriga,CORRECT,SM,0,1
1479,189,boligrafo,boli,CORRECT,SM,4,0
1480,189,bombilla,bombilla,CORRECT,SM,1,1
1481,189,cigarrillo,cigarrillo,CORRECT,SM,0,1
1482,189,emparedado,emparedado,CORRECT,SM,0,1
1483,189,gafas,gafas,CORRECT,SM,0,1
1484,189,liebre,liebre,CORRECT,SM,0,1
1485,189,mani,mani,CORRECT,SM,0,1
1486,189,medico,medico,CORRECT,SM,15,1
1487,189,melocoton,melocoton,CORRECT,SM,0,1
1488,189,motocicleta,motocicleta,CORRECT,SM,20,1
1489,189,movil,movil,CORRECT,SM,0,1
1490,189,patata,patata,CORRECT,SM,0,1
1491,189,pelota,pelota,CORRECT,SM,19,1
1492,189,roedor,ratón,CORRECT,SM,0,0
1493,189,sapo,sapo,CORRECT,SM,10,1
1494,189,sudadera,sudadera,CORRECT,SM,0,1
1495,189,templo,templo,CORRECT,SM,0,1
1496,193,arma,arma,CORRECT,SM,0,1
1497,193,banera,banera,CORRECT,SM,19,1
1498,193,barriga,barriga,CORRECT,SM,0,1
1499,193,boligrafo,boligrafo,CORRECT,SM,4,1
1500,193,bombilla,bombilla,CORRECT,SM,1,1
1501,193,cigarrillo,cigarrillo,CORRECT,SM,0,1
1502,193,emparedado,sandwich,CORRECT,SM,0,0
1503,193,gafas,anteojos,CORRECT,SM,0,0
1504,193,liebre,liebre,CORRECT,SM,0,1
1505,193,mani,cacahuate,CORRECT,SM,0,0
1506,193,medico,medico,CORRECT,SM,15,1
1507,193,melocoton,melocoton,CORRECT,SM,0,1
1508,193,motocicleta,motocicleta,CORRECT,SM,20,1
1509,193,movil,telefono celular,CORRECT,SM,0,0
1510,193,patata,patata,CORRECT,SM,0,1
1511,193,pelota,pelota,CORRECT,SM,19,1
1512,193,roedor,raton,CORRECT,SM,0,0
1513,193,sapo,sapo,CORRECT,SM,10,1
1514,193,sudadera,sueter,CORRECT,SM,0,0
1515,193,templo,iglesia,CORRECT,SM,0,0
1516,194,arma,arma,CORRECT,SM,0,1
1517,194,banera,banera ,CORRECT,SM,19,0
1518,194,barriga,panza,CORRECT,SM,0,0
1519,194,boligrafo,boligrafo ,CORRECT,SM,4,0
1520,194,bombilla,bombilla,CORRECT,SM,1,1
1521,194,cigarrillo,cigarro,CORRECT,SM,0,0
1522,194,emparedado,emparedado ,CORRECT,SM,0,0
1523,194,gafas,lentes ,CORRECT,SM,0,0
1524,194,liebre,liebre,CORRECT,SM,0,1
1525,194,mani,mani,CORRECT,SM,0,1
1526,194,medico,doctor ,CORRECT,SM,15,0
1527,194,melocoton,durazno,CORRECT,SM,0,0
1528,194,motocicleta,motocicleta ,CORRECT,SM,20,0
1529,194,movil,celular,CORRECT,SM,0,0
1530,194,patata,papa,CORRECT,SM,0,0
1531,194,pelota,pelota,CORRECT,SM,19,1
1532,194,roedor,rata,CORRECT,SM,0,0
1533,194,sapo,sapo,CORRECT,SM,10,1
1534,194,sudadera,sudadera,CORRECT,SM,0,1
1535,194,templo,iglesia ,CORRECT,SM,0,0
1536,195,arma,arma,CORRECT,SM,0,1
1537,195,banera,banera,CORRECT,SM,19,1
1538,195,barriga,barriga,CORRECT,SM,0,1
1539,195,boligrafo,pluma,CORRECT,SM,4,0
1540,195,bombilla,bombilla,CORRECT,SM,1,1
1541,195,cigarrillo,cigarrillo,CORRECT,SM,0,1
1542,195,emparedado,emparedado,CORRECT,SM,0,1
1543,195,gafas,gafas,CORRECT,SM,0,1
1544,195,liebre,conejo,CORRECT,SM,0,0
1545,195,mani,mani,CORRECT,SM,0,1
1546,195,medico,medico,CORRECT,SM,15,1
1547,195,melocoton,melocoton,CORRECT,SM,0,1
1548,195,motocicleta,motocicleta,CORRECT,SM,20,1
1549,195,movil,movil,CORRECT,SM,0,1
1550,195,patata,patata,CORRECT,SM,0,1
1551,195,pelota,pelota,CORRECT,SM,19,1
1552,195,roedor,roedor,CORRECT,SM,0,1
1553,195,sapo,sapo,CORRECT,SM,10,1
1554,195,sudadera,sueter,CORRECT,SM,0,0
1555,195,templo,templo,CORRECT,SM,0,1
